Workbook

Sheet Produits de nettoyage (2)
B3: Direction Générale du Budget | K3: Direction Générale du Budget
B4: Inventaire stocksProduits de nettoyage | K4: Inventaire stocksProduits de nettoyage
B5: Exercice: 2024-2025
B6: Premier Trimestre | K6: Exercice: 2022-2023
B7: Pour le mois d'octobre 2024
K8: Liste des articles | L8: Stock minimum | M8: Stock initial | N8: Quantités reçues | O8: Sorties | P8: Stock actuel
B9: Produits de nettoyage | K9: Produits de nettoyage
B10: Air fresh (glade) | C10: 10 | D10: 19 | E10: 0 | F10: 5 | G10: =D10+E10-F10 -> 14 | H10: =_xlfn.IFS(G10<=0,0,G10<=C10,1,G10>=C10,2) -> 2 | K10: Air fresh (glade) | L10: 44957 | M10: 34 | N10: 0 | O10: 9 | P10: =M10+N10-O10 -> 25
B11: Acide | C11: 10 | D11: 6 | E11: 0 | F11: 0 | G11: =D11+E11-F11 -> 6 | H11: =_xlfn.IFS(G11<=0,0,G11<=C11,1,G11>=C11,2) -> 1 | J11: Air fresh (glade) | K11: Acide | L11: 44957 | M11: 3 | N11: 0 | O11: 0 | P11: =M11+N11-O11 -> 3
B12: Ajax | C12: 10 | D12: 26 | E12: 0 | F12: 8 | G12: =D12+E12-F12 -> 18 | H12: =_xlfn.IFS(G12<=0,0,G12<=C12,1,G12>=C12,2) -> 2 | J12: Acide | K12: Ajax | L12: 44957 | M12: 0 | N12: 0 | O12: 0 | P12: =M12+N12-O12 -> 0
B13: Alcool | C13: 10 | D13: 12 | E13: 0 | F13: 1 | G13: =D13+E13-F13 -> 11 | H13: =_xlfn.IFS(G13<=0,0,G13<=C13,1,G13>=C13,2) -> 2 | J13: Ajax | K13: Alcool | L13: 44957 | M13: 30 | N13: 0 | O13: 2 | P13: =M13+N13-O13 -> 28
B14: Balais (petits) | C14: 10 | D14: 3 | E14: 0 | F14: 0 | G14: =D14+E14-F14 -> 3 | H14: =_xlfn.IFS(G14<=0,0,G14<=C14,1,G14>=C14,2) -> 1 | J14: Alcool | K14: Balais (petits) | L14: 44957 | M14: 4 | N14: 0 | O14: 0 | P14: =M14+N14-O14 -> 4
B15: Balais (gros) | C15: 10 | D15: 19 | E15: 0 | F15: 2 | G15: =D15+E15-F15 -> 17 | H15: =_xlfn.IFS(G15<=0,0,G15<=C15,1,G15>=C15,2) -> 2 | J15: Balais (petits) | K15: Balais (gros) | L15: 44957 | M15: 42 | N15: 0 | O15: 2 | P15: =M15+N15-O15 -> 40
B16: Brosses | C16: 10 | D16: 0 | E16: 0 | F16: 0 | G16: =D16+E16-F16 -> 0 | H16: =_xlfn.IFS(G16<=0,0,G16<=C16,1,G16>=C16,2) -> 0 | J16: Balais (gros) | K16: Brosses | L16: 44957 | M16: 0 | N16: 0 | O16: 0 | P16: =M16+N16-O16 -> 0
B17: Baygon | C17: 10 | D17: 0 | E17: 0 | F17: 0 | G17: =D17+E17-F17 -> 0 | H17: =_xlfn.IFS(G17<=0,0,G17<=C17,1,G17>=C17,2) -> 0 | J17: Brosses | K17: Baygon | L17: 44957 | M17: 36 | N17: 0 | O17: 1 | P17: =M17+N17-O17 -> 35
B18: Clorox | C18: 10 | D18: 9 | E18: 0 | F18: 4 | G18: =D18+E18-F18 -> 5 | H18: =_xlfn.IFS(G18<=0,0,G18<=C18,1,G18>=C18,2) -> 1 | J18: Baygon | K18: Clorox | L18: 44957 | M18: 29 | N18: 0 | O18: 2 | P18: =M18+N18-O18 -> 27
B19: Eponges | C19: 10 | D19: 20 | E19: 0 | F19: 1 | G19: =D19+E19-F19 -> 19 | H19: =_xlfn.IFS(G19<=0,0,G19<=C19,1,G19>=C19,2) -> 2 | J19: Clorox | K19: Eponges | L19: 44957 | M19: 123 | N19: 0 | O19: 8 | P19: =M19+N19-O19 -> 115
B20: Fabuloso | C20: 10 | D20: 5 | E20: 0 | F20: 3 | G20: =D20+E20-F20 -> 2 | H20: =_xlfn.IFS(G20<=0,0,G20<=C20,1,G20>=C20,2) -> 1 | J20: Eponges | K20: Fabuloso | L20: 44957 | M20: 109 | N20: 0 | O20: 14 | P20: =M20+N20-O20 -> 95
B21: Gants | C21: 10 | D21: 0 | E21: 0 | F21: 0 | G21: 0 | H21: =_xlfn.IFS(G21<=0,0,G21<=C21,1,G21>=C21,2) -> 0 | J21: Fabuloso | K21: Gants | L21: 44957 | M21: 0 | N21: 0 | O21: 0 | P21: =M21+N21-O21 -> 0
B22: Huile meuble (Pledge) | C22: 10 | D22: 8 | E22: 0 | F22: 3 | G22: =D22+E22-F22 -> 5 | H22: =_xlfn.IFS(G22<=0,0,G22<=C22,1,G22>=C22,2) -> 1 | J22: Gants | K22: Huile meuble (Pledge) | L22: 44957 | M22: 32 | N22: 0 | O22: 7 | P22: =M22+N22-O22 -> 25
B23: Kleen (petit) | C23: 10 | D23: 15 | E23: 0 | F23: 0 | G23: =D23+E23-F23 -> 15 | H23: =_xlfn.IFS(G23<=0,0,G23<=C23,1,G23>=C23,2) -> 2 | J23: Huile meuble (Pledge) | K23: Kleen (petit) | L23: 44957 | M23: 28 | N23: 0 | O23: 4 | P23: =M23+N23-O23 -> 24
B24: Kleen (gros) | C24: 10 | D24: 17 | E24: 0 | F24: 2 | G24: =D24+E24-F24 -> 15 | H24: =_xlfn.IFS(G24<=0,0,G24<=C24,1,G24>=C24,2) -> 2 | J24: Kleen (petit) | K24: Kleen (gros) | L24: 44957 | M24: 13 | N24: 0 | O24: 0 | P24: =M24+N24-O24 -> 13
B25: Manche à balai (petit) | C25: 10 | D25: 3 | E25: 0 | F25: 0 | G25: =D25+E25-F25 -> 3 | H25: =_xlfn.IFS(G25<=0,0,G25<=C25,1,G25>=C25,2) -> 1 | J25: Kleen (gros) | K25: Manche à balai (petit) | L25: 44957 | M25: 5 | N25: 0 | O25: 0 | P25: =M25+N25-O25 -> 5
B26: Manche à balai/serpillère (gros) | C26: 10 | D26: 14 | E26: 0 | F26: 1 | G26: =D26+E26-F26 -> 13 | H26: =_xlfn.IFS(G26<=0,0,G26<=C26,1,G26>=C26,2) -> 2 | J26: Manche à balai (petit) | K26: Manche à balai/serpillère (gros) | L26: 44957 | M26: 47 | N26: 0 | O26: 3 | P26: =M26+N26-O26 -> 44
B27: Liquide vaisselle | C27: 10 | D27: 14 | E27: 0 | F27: 3 | G27: =D27+E27-F27 -> 11 | H27: =_xlfn.IFS(G27<=0,0,G27<=C27,1,G27>=C27,2) -> 2 | J27: Manche à balai/serpillère (gros) | K27: Liquide vaisselle | L27: 44957 | M27: 31 | N27: 0 | O27: 2 | P27: =M27+N27-O27 -> 29
B28: Liquide main | C28: 10 | D28: 5 | E28: 0 | F28: 1 | G28: =D28+E28-F28 -> 4 | H28: =_xlfn.IFS(G28<=0,0,G28<=C28,1,G28>=C28,2) -> 1 | J28: Liquide main | K28: Liquide main | L28: 44957 | M28: 0 | N28: 6 | O28: 3 | P28: =M28+N28-O28 -> 3
B29: Liquide voiture | C29: 10 | D29: 14 | E29: 0 | F29: 2 | G29: =D29+E29-F29 -> 12 | H29: =_xlfn.IFS(G29<=0,0,G29<=C29,1,G29>=C29,2) -> 2 | J29: Liquide vaisselle | K29: Liquide voiture | L29: 44957 | M29: 12 | N29: 0 | O29: 2 | P29: =M29+N29-O29 -> 10
B30: Papiers hygiéniques | C30: 100 | D30: 586 | E30: 0 | F30: 125 | G30: =D30+E30-F30 -> 461 | H30: =_xlfn.IFS(G30<=0,0,G30<=C30,1,G30>=C30,2) -> 2 | J30: Liquide voiture | K30: Papiers hygiéniques | L30: 44957 | M30: 390 | N30: 0 | O30: 130 | P30: =M30+N30-O30 -> 260
B31: Paille | C31: 10 | D31: 0 | E31: 0 | F31: 0 | G31: =D31+E31-F31 -> 0 | H31: =_xlfn.IFS(G31<=0,0,G31<=C31,1,G31>=C31,2) -> 0 | J31: Papiers hygiéniques | K31: Paille | L31: 44957 | M31: 3 | N31: 0 | O31: 0 | P31: =M31+N31-O31 -> 3
B32: Pinol | C32: 10 | D32: 22 | E32: 0 | F32: 3 | G32: =D32+E32-F32 -> 19 | H32: =_xlfn.IFS(G32<=0,0,G32<=C32,1,G32>=C32,2) -> 2 | J32: Paille | K32: Pinol | L32: 44957 | M32: 34 | N32: 0 | O32: 2 | P32: =M32+N32-O32 -> 32
B33: Pompe (toilette) | C33: 10 | D33: 0 | E33: 0 | F33: 0 | G33: =D33+E33-F33 -> 0 | H33: =_xlfn.IFS(G33<=0,0,G33<=C33,1,G33>=C33,2) -> 0 | J33: Pinol | K33: Pompe (toilette) | L33: 44957 | M33: 3 | N33: 0 | O33: 0 | P33: =M33+N33-O33 -> 3
... B40: Vitrex | C40: 10 | D40: 39 | E40: 0 | F40: 3 | G40: =D40+E40-F40 -> 36 | H40: =_xlfn.IFS(G40<=0,0,G40<=C40,1,G40>=C40,2) -> 2 | J40: Serpillères sans manche | K40: Vitrex | L40: 44957 | M40: 4 | N40: 0 | O40: 1 | P40: =M40+N40-O40 -> 3
B41: Pour le mois de novembre 2024 | J41: Vitrex
K42: Liste des articles | L42: Stock minimum | M42: Stock initial | N42: Quantités reçues | O42: Sorties | P42: Stock actuel
B43: Air fresh (glade) | C43: 10 | D43: 14 | E43: 0 | F43: =SUM(S!N13:N14) -> 2 | G43: =D43+E43-F43 -> 12 | H43: =_xlfn.IFS(G43<=0,0,G43<=C43,1,G43>=C43,2) -> 2 | K43: Air fresh (glade) | L43: 44985 | M43: 25 | N43: 0 | O43: 1 | P43: =M43+N43-O43 -> 24
B44: Acide | C44: 10 | D44: 6 | E44: 0 | F44: =SUM(S!N26) -> 1 | G44: =D44+E44-F44 -> 5 | H44: =_xlfn.IFS(G44<=0,0,G44<=C44,1,G44>=C44,2) -> 1 | K44: Acide | L44: 44985 | M44: 3 | N44: 0 | O44: 0 | P44: =M44+N44-O44 -> 3
B45: Ajax | C45: 10 | D45: 18 | E45: 0 | F45: =SUM(S!N37:N40) -> 4 | G45: =D45+E45-F45 -> 14 | H45: =_xlfn.IFS(G45<=0,0,G45<=C45,1,G45>=C45,2) -> 2 | K45: Ajax | L45: 44985 | M45: 0 | N45: 0 | O45: 0 | P45: =M45+N45-O45 -> 0
B46: Alcool | C46: 10 | D46: 11 | E46: 0 | F46: =SUM(S!N48) -> 1 | G46: =D46+E46-F46 -> 10 | H46: =_xlfn.IFS(G46<=0,0,G46<=C46,1,G46>=C46,2) -> 1 | K46: Alcool | L46: 44985 | M46: 28 | N46: 0 | O46: 2 | P46: =M46+N46-O46 -> 26
B47: Balais (petits) | C47: 10 | D47: 3 | E47: 0 | F47: =SUM(S!E73) -> 0 | G47: =D47+E47-F47 -> 3 | H47: =_xlfn.IFS(G47<=0,0,G47<=C47,1,G47>=C47,2) -> 1 | K47: Balais (petits) | L47: 44985 | M47: 4 | N47: 0 | O47: 0 | P47: =M47+N47-O47 -> 4
B48: Balais (gros) | C48: 10 | D48: 17 | E48: 0 | F48: =SUM(S!N72:N73) -> 2 | G48: =D48+E48-F48 -> 15 | H48: =_xlfn.IFS(G48<=0,0,G48<=C48,1,G48>=C48,2) -> 2 | K48: Balais (gros) | L48: 44985 | M48: 40 | N48: 0 | O48: 1 | P48: =M48+N48-O48 -> 39
B49: Brosses | C49: 10 | D49: 0 | E49: 0 | F49: 0 | G49: =D49+E49-F49 -> 0 | H49: =_xlfn.IFS(G49<=0,0,G49<=C49,1,G49>=C49,2) -> 0 | K49: Brosses | L49: 44985 | M49: 0 | N49: 0 | O49: 0 | P49: =M49+N49-O49 -> 0
B50: Baygon | C50: 10 | D50: 0 | E50: 0 | F50: 0 | G50: =D50+E50-F50 -> 0 | H50: =_xlfn.IFS(G50<=0,0,G50<=C50,1,G50>=C50,2) -> 0 | K50: Baygon | L50: 44985 | M50: 35 | N50: 0 | O50: 3 | P50: =M50+N50-O50 -> 32
B51: Clorox | C51: 10 | D51: 5 | E51: 12 | F51: 4 | G51: =D51+E51-F51 -> 13 | H51: =_xlfn.IFS(G51<=0,0,G51<=C51,1,G51>=C51,2) -> 2 | K51: Clorox | L51: 44985 | M51: 27 | N51: 0 | O51: 2 | P51: =M51+N51-O51 -> 25
B52: Eponges | C52: 10 | D52: 19 | E52: 0 | F52: 8 | G52: =D52+E52-F52 -> 11 | H52: =_xlfn.IFS(G52<=0,0,G52<=C52,1,G52>=C52,2) -> 2 | K52: Eponges | L52: 44985 | M52: 115 | N52: 0 | O52: 9 | P52: =M52+N52-O52 -> 106
B53: Fabuloso | C53: 10 | D53: 2 | E53: 8 | F53: 3 | G53: =D53+E53-F53 -> 7 | H53: =_xlfn.IFS(G53<=0,0,G53<=C53,1,G53>=C53,2) -> 1 | K53: Fabuloso | L53: 44985 | M53: 95 | N53: 0 | O53: 10 | P53: =M53+N53-O53 -> 85
B54: Gants | C54: 10 | D54: 0 | E54: 0 | F54: 0 | G54: =D54+E54-F54 -> 0 | H54: =_xlfn.IFS(G54<=0,0,G54<=C54,1,G54>=C54,2) -> 0 | K54: Gants | L54: 44985 | M54: 0 | N54: 0 | O54: 0 | P54: =M54+N54-O54 -> 0
B55: Huile meuble (Pledge) | C55: 10 | D55: 5 | E55: 0 | F55: 5 | G55: =D55+E55-F55 -> 0 | H55: =_xlfn.IFS(G55<=0,0,G55<=C55,1,G55>=C55,2) -> 0 | K55: Huile meuble (Pledge) | L55: 44985 | M55: 25 | N55: 0 | O55: 6 | P55: =M55+N55-O55 -> 19
B56: Kleen (petit) | C56: 10 | D56: 15 | E56: 0 | F56: 7 | G56: =D56+E56-F56 -> 8 | H56: =_xlfn.IFS(G56<=0,0,G56<=C56,1,G56>=C56,2) -> 1 | K56: Kleen (petit) | L56: 44985 | M56: 24 | N56: 0 | O56: 4 | P56: =M56+N56-O56 -> 20
B57: Kleen (gros) | C57: 10 | D57: 15 | E57: 0 | F57: 2 | G57: =D57+E57-F57 -> 13 | H57: =_xlfn.IFS(G57<=0,0,G57<=C57,1,G57>=C57,2) -> 2 | K57: Kleen (gros) | L57: 44985 | M57: 13 | N57: 0 | O57: 0 | P57: =M57+N57-O57 -> 13
B58: Manche à balai (petit) | C58: 10 | D58: 3 | E58: 0 | F58: 0 | G58: =D58+E58-F58 -> 3 | H58: =_xlfn.IFS(G58<=0,0,G58<=C58,1,G58>=C58,2) -> 1 | K58: Manche à balai (petit) | L58: 44985 | M58: 5 | N58: 0 | O58: 0 | P58: =M58+N58-O58 -> 5
B59: Manche à balai/serpillère (gros) | C59: 10 | D59: 13 | E59: 0 | F59: 2 | G59: =D59+E59-F59 -> 11 | H59: =_xlfn.IFS(G59<=0,0,G59<=C59,1,G59>=C59,2) -> 2 | K59: Manche à balai/serpillère (gros) | L59: 44985 | M59: 44 | N59: 0 | O59: 1 | P59: =M59+N59-O59 -> 43
B60: Liquide vaisselle | C60: 10 | D60: 11 | E60: 0 | F60: 4 | G60: =D60+E60-F60 -> 7 | H60: =_xlfn.IFS(G60<=0,0,G60<=C60,1,G60>=C60,2) -> 1 | K60: Liquide vaisselle | L60: 44985 | M60: 29 | N60: 0 | O60: 1 | P60: =M60+N60-O60 -> 28
... B73: Vitrex | C73: 10 | D73: 36 | E73: 0 | F73: 4 | G73: =D73+E73-F73 -> 32 | H73: =_xlfn.IFS(G73<=0,0,G73<=C73,1,G73>=C73,2) -> 2 | K73: Vitrex | L73: 44985 | M73: 3 | N73: 0 | O73: 0 | P73: =M73+N73-O73 -> 3
B74: Pour le mois de décembre 2024
K75: Liste des articles | L75: Stock minimum | M75: Stock initial | N75: Quantités reçues | O75: Sorties | P75: Stock actuel
K76: Air fresh (glade) | L76: 45016 | M76: 24 | N76: 0 | O76: 6 | P76: =M76+N76-O76 -> 18
B77: Air fresh (glade) | C77: 10 | D77: 12 | E77: 14 | F77: 5 | G77: =D77+E77-F77 -> 21 | H77: =_xlfn.IFS(G77<=0,0,G77<=C77,1,G77>=C77,2) -> 2 | K77: Acide | L77: 45016 | M77: 3 | N77: 0 | O77: 0 | P77: =M77+N77-O77 -> 3
B78: Acide | C78: 10 | D78: 5 | E78: 0 | F78: 1 | G78: =D78+E78-F78 -> 4 | H78: =_xlfn.IFS(G78<=0,0,G78<=C78,1,G78>=C78,2) -> 1 | K78: Ajax | L78: 45016 | M78: 0 | N78: 0 | O78: 0 | P78: =M78+N78-O78 -> 0
B79: Ajax | C79: 10 | D79: 14 | E79: 0 | F79: =SUM(S!V37:V41) -> 7 | G79: =D79+E79-F79 -> 7 | H79: =_xlfn.IFS(G79<=0,0,G79<=C79,1,G79>=C79,2) -> 1 | K79: Alcool | L79: 45016 | M79: 26 | N79: 0 | O79: 3 | P79: =M79+N79-O79 -> 23
B80: Alcool | C80: 10 | D80: 10 | E80: 0 | F80: 1 | G80: =D80+E80-F80 -> 9 | H80: =_xlfn.IFS(G80<=0,0,G80<=C80,1,G80>=C80,2) -> 1 | K80: Balais (petits) | L80: 45016 | M80: 4 | N80: 0 | O80: 0 | P80: =M80+N80-O80 -> 4
B81: Balais (petits) | C81: 10 | D81: 3 | E81: 0 | F81: 0 | G81: =D81+E81-F81 -> 3 | H81: =_xlfn.IFS(G81<=0,0,G81<=C81,1,G81>=C81,2) -> 1 | K81: Balais (gros) | L81: 45016 | M81: 39 | N81: 0 | O81: 3 | P81: =M81+N81-O81 -> 36
B82: Balais (gros) | C82: 10 | D82: 15 | E82: 0 | F82: 0 | G82: =D82+E82-F82 -> 15 | H82: =_xlfn.IFS(G82<=0,0,G82<=C82,1,G82>=C82,2) -> 2 | K82: Brosses | L82: 45016 | M82: 0 | N82: 0 | O82: 0 | P82: =M82+N82-O82 -> 0
B83: Brosses | C83: 10 | D83: 0 | E83: 0 | F83: 0 | G83: =D83+E83-F83 -> 0 | H83: =_xlfn.IFS(G83<=0,0,G83<=C83,1,G83>=C83,2) -> 0 | K83: Baygon | L83: 45016 | M83: 32 | N83: 0 | O83: 4 | P83: =M83+N83-O83 -> 28
B84: Baygon | C84: 10 | D84: 0 | E84: 0 | F84: 0 | G84: =D84+E84-F84 -> 0 | H84: =_xlfn.IFS(G84<=0,0,G84<=C84,1,G84>=C84,2) -> 0 | K84: Clorox | L84: 45016 | M84: 26 | N84: 0 | O84: 4 | P84: =M84+N84-O84 -> 22
B85: Clorox | C85: 10 | D85: 13 | E85: 0 | F85: 3 | G85: =D85+E85-F85 -> 10 | H85: =_xlfn.IFS(G85<=0,0,G85<=C85,1,G85>=C85,2) -> 1 | K85: Eponges | L85: 45016 | M85: 106 | N85: 0 | O85: 9 | P85: =M85+N85-O85 -> 97
B86: Eponges | C86: 10 | D86: 11 | E86: 0 | F86: 3 | G86: =D86+E86-F86 -> 8 | H86: =_xlfn.IFS(G86<=0,0,G86<=C86,1,G86>=C86,2) -> 1 | K86: Fabuloso | L86: 45016 | M86: 85 | N86: 0 | O86: 20 | P86: =M86+N86-O86 -> 65
B87: Fabuloso | C87: 10 | D87: 7 | E87: 8 | F87: =SUM(S!V135:V138) -> 3 | G87: =D87+E87-F87 -> 12 | H87: =_xlfn.IFS(G87<=0,0,G87<=C87,1,G87>=C87,2) -> 2 | K87: Gants | L87: 45016 | M87: 0 | N87: 0 | O87: 0 | P87: =M87+N87-O87 -> 0
B88: Gants | C88: 10 | D88: 0 | E88: 0 | F88: 0 | G88: =D88+E88-F88 -> 0 | H88: =_xlfn.IFS(G88<=0,0,G88<=C88,1,G88>=C88,2) -> 0 | K88: Huile meuble (Pledge) | L88: 45016 | M88: 19 | N88: 0 | O88: 4 | P88: =M88+N88-O88 -> 15
B89: Huile meuble (Pledge) | C89: 10 | D89: 0 | E89: 12 | F89: =SUM(S!V162:V165) -> 3 | G89: =D89+E89-F89 -> 9 | H89: =_xlfn.IFS(G89<=0,0,G89<=C89,1,G89>=C89,2) -> 1 | K89: Kleen (petit) | L89: 45016 | M89: 20 | N89: 0 | O89: 5 | P89: =M89+N89-O89 -> 15
B90: Kleen (petit) | C90: 10 | D90: 8 | E90: 48 | F90: =SUM(S!V176:V180) -> 10 | G90: =D90+E90-F90 -> 46 | H90: =_xlfn.IFS(G90<=0,0,G90<=C90,1,G90>=C90,2) -> 2 | K90: Kleen (gros) | L90: 45016 | M90: 13 | N90: 0 | O90: 1 | P90: =M90+N90-O90 -> 12
B91: Kleen (gros) | C91: 10 | D91: 13 | E91: 0 | F91: 0 | G91: =D91+E91-F91 -> 13 | H91: =_xlfn.IFS(G91<=0,0,G91<=C91,1,G91>=C91,2) -> 2 | K91: Manche à balai (petit) | L91: 45016 | M91: 5 | N91: 0 | O91: 0 | P91: =M91+N91-O91 -> 5
B92: Manche à balai (petit) | C92: 10 | D92: 3 | E92: 0 | F92: 0 | G92: =D92+E92-F92 -> 3 | H92: =_xlfn.IFS(G92<=0,0,G92<=C92,1,G92>=C92,2) -> 1 | K92: Manche à balai/serpillère (gros) | L92: 45016 | M92: 43 | N92: 0 | O92: 4 | P92: =M92+N92-O92 -> 39
B93: Manche à balai/serpillère (gros) | C93: 10 | D93: 11 | E93: 0 | F93: 0 | G93: =D93+E93-F93 -> 11 | H93: =_xlfn.IFS(G93<=0,0,G93<=C93,1,G93>=C93,2) -> 2 | K93: Liquide vaisselle | L93: 45016 | M93: 28 | N93: 0 | O93: 5 | P93: =M93+N93-O93 -> 23
B94: Liquide vaisselle | C94: 10 | D94: 7 | E94: 18 | F94: 2 | G94: =D94+E94-F94 -> 23 | H94: =_xlfn.IFS(G94<=0,0,G94<=C94,1,G94>=C94,2) -> 2 | K94: Liquide main | L94: 45016 | M94: 3 | N94: 0 | O94: 2 | P94: =M94+N94-O94 -> 1
B95: Liquide main | C95: 10 | D95: 4 | E95: 0 | F95: 2 | G95: =D95+E95-F95 -> 2 | H95: =_xlfn.IFS(G95<=0,0,G95<=C95,1,G95>=C95,2) -> 1 | K95: Liquide voiture | L95: 45016 | M95: 9 | N95: 0 | O95: 2 | P95: =M95+N95-O95 -> 7
B96: Liquide voiture | C96: 10 | D96: 10 | E96: 24 | F96: =SUM(S!V251:V253) -> 2 | G96: =D96+E96-F96 -> 32 | H96: =_xlfn.IFS(G96<=0,0,G96<=C96,1,G96>=C96,2) -> 2 | K96: Papiers hygiéniques | L96: 45016 | M96: 174 | N96: 0 | O96: 156 | P96: =M96+N96-O96 -> 18
B97: Papiers hygiéniques | C97: 10 | D97: 372 | E97: 24 | F97: =SUM(S!V265:V293) -> 100 | G97: =D97+E97-F97 -> 296 | H97: =_xlfn.IFS(G97<=0,0,G97<=C97,1,G97>=C97,2) -> 2 | K97: Paille | L97: 45016 | M97: 3 | N97: 0 | O97: 0 | P97: =M97+N97-O97 -> 3
B98: Paille | C98: 10 | D98: 0 | E98: 0 | F98: 0 | G98: =D98+E98-F98 -> 0 | H98: =_xlfn.IFS(G98<=0,0,G98<=C98,1,G98>=C98,2) -> 0 | K98: Pinol | L98: 45016 | M98: 31 | N98: 0 | O98: 1 | P98: =M98+N98-O98 -> 30
B99: Pinol | C99: 10 | D99: 16 | E99: 24 | F99: =SUM(S!V327:V331) -> 5 | G99: =D99+E99-F99 -> 35 | H99: =_xlfn.IFS(G99<=0,0,G99<=C99,1,G99>=C99,2) -> 2 | K99: Pompe (toilette) | L99: 45016 | M99: 3 | N99: 0 | O99: 0 | P99: =M99+N99-O99 -> 3
B100: Pompe (toilette) | C100: 10 | D100: 0 | E100: 0 | F100: 0 | G100: =D100+E100-F100 -> 0 | H100: =_xlfn.IFS(G100<=0,0,G100<=C100,1,G100>=C100,2) -> 0 | K100: Poubelle | L100: 45016 | M100: 10 | N100: 0 | O100: 1 | P100: =M100+N100-O100 -> 9
B101: Racloir | C101: 10 | D101: 1 | E101: 0 | F101: 0 | G101: =D101+E101-F101 -> 1 | H101: =_xlfn.IFS(G101<=0,0,G101<=C101,1,G101>=C101,2) -> 1 | K101: Racloir | L101: 45016 | M101: 1 | N101: 0 | O101: 0 | P101: =M101+N101-O101 -> 1
B102: Poubelle | C102: 10 | D102: 9 | E102: 0 | F102: 0 | G102: =D102+E102-F102 -> 9 | H102: =_xlfn.IFS(G102<=0,0,G102<=C102,1,G102>=C102,2) -> 1 | K102: Sachet poubelle (petit) | L102: 45016 | M102: 0 | N102: 0 | O102: 0 | P102: =M102+N102-O102 -> 0
B103: Sachet poubelle (petit) | C103: 200 | D103: 0 | E103: 0 | F103: 0 | G103: =D103+E103-F103 -> 0 | H103: =_xlfn.IFS(G103<=0,0,G103<=C103,1,G103>=C103,2) -> 0 | K103: Sachet poubelle (gros) | L103: 45016 | M103: 0 | N103: 0 | O103: 0 | P103: =M103+N103-O103 -> 0
B104: Sachet poubelle (gros) | C104: 200 | D104: 1632 | E104: 0 | F104: =SUM(S!V401:V420) -> 93 | G104: =D104+E104-F104 -> 1539 | H104: =_xlfn.IFS(G104<=0,0,G104<=C104,1,G104>=C104,2) -> 2 | K104: Serpillères avec manche | L104: 45016 | M104: 18 | N104: 0 | O104: 1 | P104: =M104+N104-O104 -> 17
B105: Serpillères avec manche | C105: 5 | D105: 9 | E105: 0 | F105: 0 | G105: =D105+E105-F105 -> 9 | H105: =_xlfn.IFS(G105<=0,0,G105<=C105,1,G105>=C105,2) -> 2 | K105: Serpillères sans manche | L105: 45016 | M105: 15 | N105: 0 | O105: 2 | P105: =M105+N105-O105 -> 13
B106: Serpillères sans manche | C106: 10 | D106: 0 | E106: 0 | F106: 0 | G106: =D106+E106-F106 -> 0 | H106: =_xlfn.IFS(G106<=0,0,G106<=C106,1,G106>=C106,2) -> 0 | K106: Vitrex | L106: 45016 | M106: 3 | N106: 0 | O106: 2 | P106: =M106+N106-O106 -> 1
B107: Vitrex | C107: 10 | D107: 32 | E107: 0 | F107: 0 | G107: =D107+E107-F107 -> 32 | H107: =_xlfn.IFS(G107<=0,0,G107<=C107,1,G107>=C107,2) -> 2
B110: Direction Générale du Budget
B111: Inventaire stocks Produits de nettoyage
B112: Exercice: 2024-2025
B113: Deuxième Trimestre
B114: Pour le mois de janvier 2025
B115: Liste des articles | C115: Stock minimum | D115: Stock initial | E115: Quantités reçues | F115: Sorties | G115: Stock actuel | H115: Stock alerte
B116: Produits de nettoyage
B117: Air fresh (glade) | C117: 10 | D117: 21 | E117: 0 | F117: =SUM(S!AD13:AD18) -> 6 | G117: =D117+E117-F117 -> 15 | H117: =_xlfn.IFS(G117<=0,0,G117<=C117,1,G117>=C117,2) -> 2
B118: Acide | C118: 10 | D118: 4 | E118: 0 | F118: =SUM(S!AC18) -> 0 | G118: =D118+E118-F118 -> 4 | H118: =_xlfn.IFS(G118<=0,0,G118<=C118,1,G118>=C118,2) -> 1
B119: Ajax | C119: 10 | D119: 7 | E119: 0 | F119: =SUM(S!AD37:AD41) -> 5 | G119: =D119+E119-F119 -> 2 | H119: =_xlfn.IFS(G119<=0,0,G119<=C119,1,G119>=C119,2) -> 1
B120: Alcool | C120: 10 | D120: 9 | E120: 0 | F120: =SUM(S!AD48:AD50) -> 3 | G120: =D120+E120-F120 -> 6 | H120: =_xlfn.IFS(G120<=0,0,G120<=C120,1,G120>=C120,2) -> 1
B121: Balais (petits) | C121: 10 | D121: 3 | E121: 0 | F121: 0 | G121: =D121+E121-F121 -> 3 | H121: =_xlfn.IFS(G121<=0,0,G121<=C121,1,G121>=C121,2) -> 1
B122: Balais (gros) | C122: 10 | D122: 15 | E122: 0 | F122: 4 | G122: =D122+E122-F122 -> 11 | H122: =_xlfn.IFS(G122<=0,0,G122<=C122,1,G122>=C122,2) -> 2
...

Sheet A
B2: Direction Générale du Budget | J2: Direction Générale du Budget | R2: Direction Générale du Budget | Z2: Direction Générale du Budget | AH2: Direction Générale du Budget | AP2: Direction Générale du Budget | AX2: Direction Générale du Budget | BF2: Direction Générale du Budget | BN2: Direction Générale du Budget | BV2: Direction Générale du Budget | CD2: Direction Générale du Budget | CL2: Direction Générale du Budget
B3: Inventaire stocks fournitures | J3: Inventaire stocks fournitures | R3: Inventaire stocks fournitures | Z3: Inventaire stocks fournitures | AH3: Inventaire stocks fournitures | AP3: Inventaire stocks fournitures | AX3: Inventaire stocks fournitures | BF3: Inventaire stocks fournitures | BN3: Inventaire stocks fournitures | BV3: Inventaire stocks fournitures | CD3: Inventaire stocks fournitures | CL3: Inventaire stocks fournitures
B4: Exercice: 2024-2025 | J4: Exercice: 2024-2025 | R4: Exercice: 2024-2025 | Z4: Exercice: 2024-2025 | AH4: Exercice: 2024-2025 | AP4: Exercice: 2024-2025 | AX4: Exercice: 2024-2025 | BF4: Exercice: 2024-2025 | BN4: Exercice: 2024-2025 | BV4: Exercice: 2024-2025 | CD4: Exercice: 2024-2025 | CL4: Exercice: 2024-2025
B6: 45566 | J6: 45597 | R6: 45627 | Z6: 45658 | AH6: 45689 | AP6: 45717 | AX6: 45748 | BF6: 45778 | BN6: 45809 | BV6: 45839 | CD6: 45870 | CL6: 45536
B7: Fournitures de bureau | J7: Fournitures de bureau | R7: Fournitures de bureau | Z7: Fournitures de bureau | AH7: Fournitures de bureau | AP7: Fournitures de bureau | AX7: Fournitures de bureau | BF7: Fournitures de bureau | BN7: Fournitures de bureau | BV7: Fournitures de bureau | CD7: Fournitures de bureau | CL7: Fournitures de bureau
B9: A | J9: A | R9: A | Z9: A | AH9: A | AP9: A | AX9: A | BF9: A | BN9: A | BV9: A | CD9: A | CL9: A
B11: Adhésifs 3/4 pour dévidoir | J11: Adhésifs 3/4 pour dévidoir | R11: Adhésifs 3/4 Pour dévidoir | Z11: Adhésifs 3/4 Pour dévidoir | AH11: Adhésifs 3/4 Pour dévidoir | AP11: Adhésifs 3/4 Pour dévidoir | AX11: Adhésifs 3/4 Pour dévidoir | BF11: Adhésifs 3/4 Pour dévidoir | BN11: Adhésifs 3/4 Pour dévidoir | BV11: Adhésifs 3/4 Pour dévidoir | CD11: Adhésifs 3/4 Pour dévidoir | CL11: Adhésifs 3/4 Pour dévidoir
E12: Rentree | F12: Sortie | G12: Direction | H12: Stock | M12: Rentree | N12: Sortie | O12: Direction | P12: Stock | U12: Rentree | V12: Sortie | W12: Direction | X12: Stock | AC12: Rentree | AD12: Sortie | AE12: Direction | AF12: Stock | AK12: Rentree | AL12: Sortie | AM12: Direction | AN12: Stock | AS12: Rentree | AT12: Sortie | AU12: Direction | AV12: Stock | BA12: Rentree | BB12: Sortie | BC12: Direction | BD12: Stock | BI12: Rentree | BJ12: Sortie | BK12: Direction | BL12: Stock | BQ12: Rentree | BR12: Sortie | BS12: Direction | BT12: Stock | BY12: Rentree | BZ12: Sortie | CA12: Direction | CB12: Stock | CG12: Rentree | CH12: Sortie | CI12: Direction | CJ12: Stock | CO12: Rentree | CP12: Sortie | CQ12: Direction | CR12: Stock
B13: Stock 30 Sept.24 | E13: Unités | F13: Unités | H13: 147 | J13: Stock 31 Oct. 24 | M13: Unités | N13: Unités | P13: 147 | R13: Stock 30 Nov. 24 | U13: Unités | V13: Unités | X13: 147 | Z13: Stock 31 Déc. 24 | AC13: Unités | AD13: Unités | AF13: 147 | AH13: Stock 31 Jan. 25 | AK13: Unités | AL13: Unités | AN13: 147 | AP13: Stock 28 Fév. 25 | AS13: Unités | AT13: Unités | AV13: 147 | AX13: Stock 31 Mars. 25 | BA13: Unités | BB13: Unités | BD13: 147 | BF13: Stock 30 Avril. 25 | BI13: Unités | BJ13: Unités | BL13: 147 | BN13: Stock 31 Mai. 25 | BQ13: Unités | BR13: Unités | BT13: 147 | BV13: Stock 30 Juin. 25 | BY13: Unités | BZ13: Unités | CB13: 147 | CD13: Stock 31 Juil. 25 | CG13: Unités | CH13: Unités | CJ13: =CB13 -> 147 | CL13: Stock 31 Août. 24 | CO13: Unités | CP13: Unités | CR13: =CJ13 -> 147
H14: =SUM(H13+E14-F14) -> 147 | P14: =SUM(P13+M14-N14) -> 147 | X14: =SUM(X13+U14-V14) -> 147 | AF14: =SUM(AF13+AC14-AD14) -> 147 | AN14: =SUM(AN13+AK14-AL14) -> 147 | AV14: =SUM(AV13+AS14-AT14) -> 147 | BD14: =SUM(BD13+BA14-BB14) -> 147 | BL14: =SUM(BL13+BI14-BJ14) -> 147 | BT14: =SUM(BT13+BQ14-BR14) -> 147 | CB14: =SUM(CB13+BY14-BZ14) -> 147 | CJ14: =SUM(CJ13+CG14-CH14) -> 147 | CR14: =SUM(CR13+CO14-CP14) -> 147
H15: =SUM(H14+E15-F15) -> 147 | P15: =SUM(P14+M15-N15) -> 147 | X15: =SUM(X14+U15-V15) -> 147 | AF15: =SUM(AF14+AC15-AD15) -> 147 | AN15: =SUM(AN14+AK15-AL15) -> 147 | AV15: =SUM(AV14+AS15-AT15) -> 147 | BD15: =SUM(BD14+BA15-BB15) -> 147 | BL15: =SUM(BL14+BI15-BJ15) -> 147 | BT15: =SUM(BT14+BQ15-BR15) -> 147 | CB15: =SUM(CB14+BY15-BZ15) -> 147 | CJ15: =SUM(CJ14+CG15-CH15) -> 147 | CR15: =SUM(CR14+CO15-CP15) -> 147
H16: =SUM(H15+E16-F16) -> 147 | P16: =SUM(P15+M16-N16) -> 147 | X16: =SUM(X15+U16-V16) -> 147 | AF16: =SUM(AF15+AC16-AD16) -> 147 | AN16: =SUM(AN15+AK16-AL16) -> 147 | AV16: =SUM(AV15+AS16-AT16) -> 147 | BD16: =SUM(BD15+BA16-BB16) -> 147 | BL16: =SUM(BL15+BI16-BJ16) -> 147 | BT16: =SUM(BT15+BQ16-BR16) -> 147 | CB16: =SUM(CB15+BY16-BZ16) -> 147 | CJ16: =SUM(CJ15+CG16-CH16) -> 147 | CR16: =SUM(CR15+CO16-CP16) -> 147
B17: Agrafes pour agrafeuse | J17: Agrafes pour agrafeuse | R17: Agrafes pour agrafeuse | Z17: Agrafes pour agrafeuse | AH17: Agrafes pour agrafeuse | AP17: Agrafes pour agrafeuse | AX17: Agrafes pour agrafeuse | BF17: Agrafes pour agrafeuse | BN17: Agrafes pour agrafeuse | BV17: Agrafes pour agrafeuse | CD17: Agrafes pour agrafeuse | CL17: Agrafes pour agrafeuse
E18: Rentree | F18: Sortie | G18: Direction | H18: Stock | M18: Rentree | N18: Sortie | O18: Direction | P18: Stock | U18: Rentree | V18: Sortie | W18: Direction | X18: Stock | AC18: Rentree | AD18: Sortie | AE18: Direction | AF18: Stock | AK18: Rentree | AL18: Sortie | AM18: Direction | AN18: Stock | AS18: Rentree | AT18: Sortie | AU18: Direction | AV18: Stock | BA18: Rentree | BB18: Sortie | BC18: Direction | BD18: Stock | BI18: Rentree | BJ18: Sortie | BK18: Direction | BL18: Stock | BQ18: Rentree | BR18: Sortie | BS18: Direction | BT18: Stock | BY18: Rentree | BZ18: Sortie | CA18: Direction | CB18: Stock | CG18: Rentree | CH18: Sortie | CI18: Direction | CJ18: Stock | CO18: Rentree | CP18: Sortie | CQ18: Direction | CR18: Stock
B19: Stock 30 Sept.24 | E19: Boites | F19: Boites | H19: 149 | J19: Stock 31 Oct. 24 | M19: Boites | N19: Boites | P19: 147 | R19: Stock 30 Nov. 24 | U19: Boites | V19: Boites | X19: 147 | Z19: Stock 31 Déc. 24 | AC19: Boites | AD19: Boites | AF19: 146 | AH19: Stock 31 Jan. 25 | AK19: Boites | AL19: Boites | AN19: 144 | AP19: Stock 28 Fév. 25 | AS19: Boites | AT19: Boites | AV19: 142 | AX19: Stock 31 Mars. 25 | BA19: Boites | BB19: Boites | BD19: 142 | BF19: Stock 30 Avril. 25 | BI19: Boites | BJ19: Boites | BL19: 140 | BN19: Stock 31 Mai. 25 | BQ19: Boites | BR19: Boites | BT19: =BL23 -> 137 | BV19: Stock 30 Juin. 25 | BY19: Boites | BZ19: Boites | CB19: =BT23 -> 137 | CD19: Stock 31 Juil. 25 | CG19: Boites | CH19: Boites | CJ19: =CB23 -> 134 | CL19: Stock 31 Août. 24 | CO19: Boites | CP19: Boites | CR19: =CJ21 -> 129
B20: 45569 | E20: 0 | F20: 1 | G20: DSI | H20: =SUM(H19+E20-F20) -> 148 | P20: =SUM(P19+M20-N20) -> 147 | R20: 45629 | U20: 0 | V20: 1 | W20: DS | X20: =SUM(X19+U20-V20) -> 146 | Z20: 45664 | AC20: 0 | AD20: 1 | AE20: DAA | AF20: =SUM(AF19+AC20-AD20) -> 145 | AH20: 45702 | AK20: 0 | AL20: 1 | AM20: DGA | AN20: =SUM(AN19+AK20-AL20) -> 143 | AS20: 0 | AV20: =SUM(AV19+AS20-AT20) -> 142 | AX20: 45775 | BA20: 0 | BB20: 2 | BC20: DCB | BD20: =SUM(BD19+BA20-BB20) -> 140 | BF20: 45783 | BI20: 0 | BJ20: 1 | BK20: DG | BL20: =SUM(BL19+BI20-BJ20) -> 139 | BQ20: 0 | BT20: =SUM(BT19+BQ20-BR20) -> 137 | BV20: 45855 | BY20: 0 | BZ20: 2 | CA20: DAA | CB20: =SUM(CB19+BY20-BZ20) -> 135 | CD20: 45895 | CG20: 0 | CH20: 5 | CI20: DASIP | CJ20: =SUM(CJ19+CG20-CH20) -> 129 | CL20: 45901 | CO20: 0 | CP20: 2 | CQ20: DAA | CR20: =SUM(CR19+CO20-CP20) -> 127
B21: 45572 | E21: 0 | F21: 1 | G21: DAA | H21: =SUM(H20+E21-F21) -> 147 | P21: =SUM(P20+M21-N21) -> 147 | X21: =SUM(X20+U21-V21) -> 146 | Z21: 45680 | AC21: 0 | AD21: 1 | AE21: DS | AF21: =SUM(AF20+AC21-AD21) -> 144 | AH21: 45705 | AK21: 0 | AL21: 1 | AM21: DCB | AN21: =SUM(AN20+AK21-AL21) -> 142 | AV21: =SUM(AV20+AS21-AT21) -> 142 | BD21: =SUM(BD20+BA21-BB21) -> 140 | BF21: 45793 | BI21: 0 | BJ21: 1 | BK21: DASIP | BL21: =SUM(BL20+BI21-BJ21) -> 138 | BQ21: 0 | BT21: =SUM(BT20+BQ21-BR21) -> 137 | BV21: 45861 | BY21: 0 | BZ21: 1 | CA21: DRH | CB21: =SUM(CB20+BY21-BZ21) -> 134 | CJ21: =SUM(CJ20+CG21-CH21) -> 129 | CL21: 45904 | CO21: 0 | CP21: 1 | CQ21: DEPB | CR21: =SUM(CR20+CO21-CP21) -> 126
H22: =SUM(H21+E22-F22) -> 147 | P22: =SUM(P21+M22-N22) -> 147 | U22: 0 | X22: =SUM(X21+U22-V22) -> 146 | AC22: 0 | AF22: =SUM(AF21+AC22-AD22) -> 144 | AN22: =SUM(AN21+AK22-AL22) -> 142 | AV22: =SUM(AV21+AS22-AT22) -> 142 | BD22: =SUM(BD21+BA22-BB22) -> 140 | BF22: 45793 | BI22: 0 | BJ22: 1 | BK22: DAA | BL22: =SUM(BL21+BI22-BJ22) -> 137 | BQ22: 0 | BT22: =SUM(BT21+BQ22-BR22) -> 137 | CB22: =SUM(CB21+BY22-BZ22) -> 134 | CJ22: =SUM(CJ21+CG22-CH22) -> 129 | CL22: 45908 | CO22: 0 | CP22: 12 | CQ22: DCB | CR22: =SUM(CR21+CO22-CP22) -> 114
H23: =SUM(H22+E23-F23) -> 147 | P23: =SUM(P22+M23-N23) -> 147 | X23: =SUM(X22+U24-V24) -> 146 | AC23: 0 | AF23: =SUM(AF22+AC24-AD24) -> 144 | AN23: =SUM(AN22+AK24-AL24) -> 142 | AV23: =SUM(AV22+AS24-AT24) -> 142 | BD23: =SUM(BD22+BA24-BB24) -> 140 | BL23: =SUM(BL22+BI24-BJ24) -> 137 | BT23: =SUM(BT22+BQ24-BR24) -> 137 | CB23: =SUM(CB22+BY24-BZ24) -> 134 | CJ23: =SUM(CJ22+CG23-CH23) -> 129 | CL23: 45915 | CO23: 0 | CP23: 1 | CQ23: DCB | CR23: =SUM(CR22+CO24-CP24) -> 114
H24: =SUM(H23+E24-F24) -> 147 | P24: =SUM(P23+M25-N25) -> 147 | AF24: =SUM(AF23+AC25-AD25) -> 144 | AN24: =SUM(AN23+AK25-AL25) -> 142 | AV24: =SUM(AV23+AS25-AT25) -> 142 | BD24: =SUM(BD23+BA25-BB25) -> 140 | BL24: =SUM(BL23+BI25-BJ25) -> 137 | BT24: =SUM(BT23+BQ25-BR25) -> 137 | CB24: =SUM(CB23+BY25-BZ25) -> 134 | CJ24: =SUM(CJ23+CG24-CH24) -> 129 | CR24: =SUM(CR23+CO25-CP25) -> 114
H25: =SUM(H24+E25-F25) -> 147 | P25: =SUM(P24+M26-N26) -> 147 | AF25: =SUM(AF24+AC26-AD26) -> 144 | AN25: =SUM(AN24+AK26-AL26) -> 142 | AV25: =SUM(AV21+AS25-AT25) -> 142 | BD25: =SUM(BD24+BA26-BB26) -> 140 | BL25: =SUM(BL24+BI26-BJ26) -> 137 | BT25: =SUM(BT24+BQ25-BR25) -> 137 | CB25: =SUM(CB24+BY26-BZ26) -> 134 | CJ25: =SUM(CJ21+CG25-CH25) -> 129 | CR25: =SUM(CR24+CO26-CP26) -> 114
B26: Agrafeuses | J26: Agrafeuses | R26: Agrafeuses | Z26: Agrafeuses | AH26: Agrafeuses | AP26: Agrafeuses | AX26: Agrafeuses | BF26: Agrafeuses | BN26: Agrafeuses | BV26: Agrafeuses | CD26: Agrafeuses | CL26: Agrafeuses
E27: Rentree | F27: Sortie | G27: Direction | H27: Stock | M27: Rentree | N27: Sortie | O27: Direction | P27: Stock | U27: Rentree | V27: Sortie | W27: Direction | X27: Stock | AC27: Rentree | AD27: Sortie | AE27: Direction | AF27: Stock | AK27: Rentree | AL27: Sortie | AM27: Direction | AN27: Stock | AS27: Rentree | AT27: Sortie | AU27: Direction | AV27: Stock | BA27: Rentree | BB27: Sortie | BC27: Direction | BD27: Stock | BI27: Rentree | BJ27: Sortie | BK27: Direction | BL27: Stock | BQ27: Rentree | BR27: Sortie | BS27: Direction | BT27: Stock | BY27: Rentree | BZ27: Sortie | CA27: Direction | CB27: Stock | CG27: Rentree | CH27: Sortie | CI27: Direction | CJ27: Stock | CO27: Rentree | CP27: Sortie | CQ27: Direction | CR27: Stock
B28: Stock 30 Sept.24 | E28: Unité | F28: Unités | J28: Stock 31 Oct. 24 | M28: Unités | N28: Unités | P28: 0 | R28: Stock 30 Nov. 24 | U28: Unités | V28: Unités | X28: 0 | Z28: Stock 31 Déc. 24 | AC28: Unités | AD28: Unités | AF28: 0 | AH28: Stock 31 Jan. 25 | AK28: Unités | AL28: Unités | AN28: 24 | AP28: Stock 28 Fév. 25 | AS28: Unités | AT28: Unités | AV28: 17 | AX28: Stock 31 Mars. 25 | BA28: Unités | BB28: Unités | BD28: 17 | BF28: Stock 30 Avril. 25 | BI28: Unités | BJ28: Unités | BL28: 16 | BN28: Stock 31 Mai. 25 | BQ28: Unités | BR28: Unités | BT28: 12 | BV28: Stock 30 Juin. 25 | BY28: Unités | BZ28: Unités | CB28: 12 | CD28: Stock 31 Juil. 25 | CG28: Unités | CH28: Unités | CJ28: =CB28 -> 12 | CL28: Stock 31 Août. 24 | CO28: Unités | CP28: Unités | CR28: =CJ29 -> 12
E29: 0 | M29: 0 | P29: =SUM(P28+M29-N29) -> 0 | X29: =SUM(X28+U29-V29) -> 0 | Z29: 45686 | AC29: 24 | AD29: 0 | AE29: DAA | AF29: =SUM(AF28+AC29-AD29) -> 24 | AH29: 45691 | AK29: 0 | AL29: 2 | AM29: DCB | AN29: =SUM(AN28+AK29-AL29) -> 22 | AP29: 45799 | AS29: 0 | AT29: 2 | AU29: DEPB | AV29: =SUM(AV28+AS29-AT29) -> 15 | AX29: 45762 | BA29: 0 | BB29: 1 | BC29: DSI | BD29: =SUM(BD28+BA29-BB29) -> 16 | BF29: 45793 | BI29: 0 | BJ29: 2 | BK29: DAA | BL29: =SUM(BL28+BI29-BJ29) -> 14 | BT29: =SUM(BT28+BQ29-BR29) -> 12 | CB29: 12 | CG29: 0 | CJ29: =SUM(CJ28+CG29-CH29) -> 12 | CR29: =SUM(CR28+CO29-CP29) -> 12
P30: =SUM(P29+M30-N30) -> 0 | X30: =SUM(X29+U30-V30) -> 0 | AC30: 0 | AF30: =SUM(AF29+AC30-AD30) -> 24 | AH30: 45698 | AK30: 0 | AL30: 2 | AM30: DASIP | AN30: =SUM(AN29+AK30-AL30) -> 20 | AS30: 0 | AV30: =SUM(AV29+AS30-AT30) -> 15 | BD30: =SUM(BD29+BA30-BB30) -> 16 | BF30: 45799 | BI30: 0 | BJ30: 2 | BK30: DEPB | BL30: =SUM(BL29+BI30-BJ30) -> 12 | BT30: =SUM(BT29+BQ30-BR30) -> 12 | CB30: =SUM(CB29+BY30-BZ30) -> 12 | CG30: 0 | CJ30: =SUM(CJ29+CG30-CH30) -> 12 | CR30: =SUM(CR29+CO30-CP30) -> 12
P31: =SUM(P30+M31-N31) -> 0 | X31: =SUM(X30+U31-V31) -> 0 | AF31: =SUM(AF30+AC31-AD31) -> 24 | AH31: 45702 | AK31: 0 | AL31: 1 | AM31: DGA | AN31: =SUM(AN30+AK31-AL31) -> 19 | AV31: =SUM(AV30+AS31-AT31) -> 15 | BD31: =SUM(BD30+BA31-BB31) -> 16 | BL31: =SUM(BL30+BI31-BJ31) -> 12 | BT31: =SUM(BT30+BQ31-BR31) -> 12 | CB31: =SUM(CB30+BY31-BZ31) -> 12 | CG31: 0 | CJ31: =SUM(CJ30+CG31-CH31) -> 12 | CR31: =SUM(CR30+CO31-CP31) -> 12
P32: =SUM(P31+M32-N32) -> 0 | X32: =SUM(X31+U32-V32) -> 0 | AF32: =SUM(AF31+AC32-AD32) -> 24 | AH32: 45705 | AK32: 0 | AL32: 1 | AM32: DCB | AN32: =SUM(AN31+AK32-AL32) -> 18 | AV32: =SUM(AV31+AS32-AT32) -> 15 | BD32: =SUM(BD31+BA32-BB32) -> 16 | BL32: =SUM(BL31+BI32-BJ32) -> 12 | BT32: =SUM(BT31+BQ32-BR32) -> 12 | CB32: =SUM(CB31+BY32-BZ32) -> 12 | CG32: 0 | CJ32: =SUM(CJ31+CG32-CH32) -> 12 | CR32: =SUM(CR31+CO32-CP32) -> 12
P33: =SUM(P32+M33-N33) -> 0 | X33: =SUM(X32+U33-V33) -> 0 | AF33: =SUM(AF32+AC33-AD33) -> 24 | AH33: 45714 | AK33: 0 | AL33: 1 | AM33: DS | AN33: =SUM(AN32+AK33-AL33) -> 17 | AV33: =SUM(AV32+AS33-AT33) -> 15 | BD33: =SUM(BD32+BA33-BB33) -> 16 | BL33: =SUM(BL32+BI33-BJ33) -> 12 | BT33: =SUM(BT32+BQ33-BR33) -> 12 | CB33: =SUM(CB32+BY33-BZ33) -> 12 | CJ33: =SUM(CJ32+CG33-CH33) -> 12 | CR33: =SUM(CR32+CO33-CP33) -> 12
P34: =SUM(P33+M34-N34) -> 0 | X34: =SUM(X33+U34-V34) -> 0 | AF34: =SUM(AF33+AC34-AD34) -> 24 | AN34: =SUM(AN33+AK34-AL34) -> 17 | AV34: =SUM(AV33+AS34-AT34) -> 15 | BD34: =SUM(BD33+BA34-BB34) -> 16 | BL34: =SUM(BL33+BI34-BJ34) -> 12 | BT34: =SUM(BT33+BQ34-BR34) -> 12 | CB34: =SUM(CB33+BY34-BZ34) -> 12 | CJ34: =SUM(CJ33+CG34-CH34) -> 12 | CR34: =SUM(CR33+CO34-CP34) -> 12
P35: =SUM(P34+M35-N35) -> 0 | X35: =SUM(X34+U35-V35) -> 0 | AF35: =SUM(AF34+AC35-AD35) -> 24 | AN35: =SUM(AN34+AK35-AL35) -> 17 | AV35: =SUM(AV34+AS35-AT35) -> 15 | BD35: =SUM(BD34+BA35-BB35) -> 16 | BL35: =SUM(BL34+BI35-BJ35) -> 12 | BT35: =SUM(BT34+BQ35-BR35) -> 12 | CB35: =SUM(CB34+BY35-BZ35) -> 12 | CJ35: =SUM(CJ34+CG35-CH35) -> 12 | CR35: =SUM(CR34+CO35-CP35) -> 12
P36: =SUM(P35+M36-N36) -> 0 | X36: =SUM(X35+U36-V36) -> 0 | AF36: =SUM(AF35+AC36-AD36) -> 24 | AN36: =SUM(AN35+AK36-AL36) -> 17 | AV36: =SUM(AV35+AS36-AT36) -> 15 | BD36: =SUM(BD35+BA36-BB36) -> 16 | BL36: =SUM(BL35+BI36-BJ36) -> 12 | BT36: =SUM(BT35+BQ36-BR36) -> 12 | CB36: =SUM(CB35+BY36-BZ36) -> 12 | CJ36: =SUM(CJ35+CG36-CH36) -> 12 | CR36: =SUM(CR35+CO36-CP36) -> 12
P37: =SUM(P36+M37-N37) -> 0 | X37: =SUM(X36+U37-V37) -> 0 | AF37: =SUM(AF36+AC37-AD37) -> 24 | AN37: =SUM(AN36+AK37-AL37) -> 17 | AV37: =SUM(AV36+AS37-AT37) -> 15 | BD37: =SUM(BD36+BA37-BB37) -> 16 | BL37: =SUM(BL36+BI37-BJ37) -> 12 | BT37: =SUM(BT36+BQ37-BR37) -> 12 | CB37: =SUM(CB36+BY37-BZ37) -> 12 | CJ37: =SUM(CJ36+CG37-CH37) -> 12 | CR37: =SUM(CR36+CO37-CP37) -> 12
P38: =SUM(P37+M38-N38) -> 0 | X38: =SUM(X37+U38-V38) -> 0 | AF38: =SUM(AF37+AC38-AD38) -> 24 | AN38: =SUM(AN37+AK38-AL38) -> 17 | AV38: =SUM(AV37+AS38-AT38) -> 15 | BD38: =SUM(BD37+BA38-BB38) -> 16 | BL38: =SUM(BL37+BI38-BJ38) -> 12 | BT38: =SUM(BT37+BQ38-BR38) -> 12 | CB38: =SUM(CB37+BY38-BZ38) -> 12 | CJ38: =SUM(CJ37+CG38-CH38) -> 12 | CR38: =SUM(CR37+CO38-CP38) -> 12
P39: =SUM(P38+M39-N39) -> 0 | X39: =SUM(X38+U39-V39) -> 0 | AF39: =SUM(AF38+AC39-AD39) -> 24 | AN39: =SUM(AN38+AK39-AL39) -> 17 | AV39: =SUM(AV38+AS39-AT39) -> 15 | BD39: =SUM(BD38+BA39-BB39) -> 16 | BL39: =SUM(BL38+BI39-BJ39) -> 12 | BT39: =SUM(BT38+BQ39-BR39) -> 12 | CB39: =SUM(CB38+BY39-BZ39) -> 12 | CJ39: =SUM(CJ38+CG39-CH39) -> 12 | CR39: =SUM(CR38+CO39-CP39) -> 12
B40: Aiguisoirs électriques | J40: Aiguisoirs électriques | R40: Aiguisoirs électriques | Z40: Aiguisoirs électriques | AH40: Aiguisoirs électriques | AP40: Aiguisoirs électriques | AX40: Aiguisoirs électriques | BF40: Aiguisoirs électriques | BN40: Aiguisoirs électriques | BV40: Aiguisoirs électriques | CD40: Aiguisoirs électriques | CL40: Aiguisoirs électriques
E41: Rentree | F41: Sortie | G41: Direction | H41: Stock | M41: Rentree | N41: Sortie | O41: Direction | P41: Stock | U41: Rentree | V41: Sortie | W41: Direction | X41: Stock | AC41: Rentree | AD41: Sortie | AE41: Direction | AF41: Stock | AK41: Rentree | AL41: Sortie | AM41: Direction | AN41: Stock | AS41: Rentree | AT41: Sortie | AU41: Direction | AV41: Stock | BA41: Rentree | BB41: Sortie | BC41: Direction | BD41: Stock | BI41: Rentree | BJ41: Sortie | BK41: Direction | BL41: Stock | BQ41: Rentree | BR41: Sortie | BS41: Direction | BT41: Stock | BY41: Rentree | BZ41: Sortie | CA41: Direction | CB41: Stock | CG41: Rentree | CH41: Sortie | CI41: Direction | CJ41: Stock | CO41: Rentree | CP41: Sortie | CQ41: Direction | CR41: Stock
B42: Stock 30 Sept.24 | E42: Unités | F42: Unités | H42: 11 | J42: Stock 31 Oct. 24 | M42: Unités | N42: Unités | P42: 11 | R42: Stock 30 Nov. 24 | U42: Unités | V42: Unités | X42: 10 | Z42: Stock 31 Déc. 24 | AC42: Unités | AD42: Unités | AF42: 7 | AH42: Stock 31 Jan. 25 | AK42: Unités | AL42: Unités | AN42: 7 | AP42: Stock 28 Fév. 25 | AS42: Unités | AT42: Unités | AV42: 6 | AX42: Stock 31 Mars. 25 | BA42: Unités | BB42: Unités | BD42: 6 | BF42: Stock 30 Avril. 25 | BI42: Unités | BJ42: Unités | BL42: 6 | BN42: Stock 31 Mai. 25 | BQ42: Unités | BR42: Unités | BT42: 6 | BV42: Stock 30 Juin. 25 | BY42: Unités | BZ42: Unités | CB42: 6 | CD42: Stock 31 Juil. 25 | CG42: Unités | CH42: Unités | CJ42: =CB43 -> 6 | CL42: Stock 31 Août. 24 | CO42: Unités | CP42: Unités | CR42: =CJ43 -> 6
H43: =SUM(H42+E43-F43) -> 11 | J43: 45609 | M43: 0 | N43: 1 | O43: DG | P43: =SUM(P42+M43-N43) -> 10 | R43: 45635 | U43: 0 | V43: 1 | W43: DRH | X43: =SUM(X42+U43-V43) -> 9 | AF43: =SUM(AF42+AC43-AD43) -> 7 | AH43: 45702 | AK43: 0 | AL43: 1 | AM43: DGA | AN43: =SUM(AN42+AK43-AL43) -> 6 | AV43: =SUM(AV42+AS43-AT43) -> 6 | BD43: =SUM(BD42+BA43-BB43) -> 6 | BL43: =SUM(BL42+BI43-BJ43) -> 6 | BT43: 6 | CB43: =SUM(CB42+BY43-BZ43) -> 6 | CJ43: =SUM(CJ42+CG43-CH43) -> 6 | CR43: =SUM(CR42+CO43-CP43) -> 6
H44: =SUM(H43+E44-F44) -> 11 | P44: =SUM(P43+M44-N44) -> 10 | R44: 45638 | U44: 0 | V44: 2 | X44: =SUM(X43+U44-V44) -> 7 | AF44: =SUM(AF43+AC44-AD44) -> 7 | AN44: =SUM(AN43+AK44-AL44) -> 6 | AV44: =SUM(AV43+AS44-AT44) -> 6 | BD44: =SUM(BD43+BA44-BB44) -> 6 | BL44: =SUM(BL43+BI44-BJ44) -> 6 | BT44: 6 | CB44: =SUM(CB43+BY44-BZ44) -> 6 | CJ44: =SUM(CJ43+CG44-CH44) -> 6 | CR44: =SUM(CR43+CO44-CP44) -> 6
H45: =SUM(H44+E45-F45) -> 11 | P45: =SUM(P44+M45-N45) -> 10 | X45: =SUM(X44+U45-V45) -> 7 | AF45: =SUM(AF44+AC45-AD45) -> 7 | AN45: =SUM(AN44+AK45-AL45) -> 6 | AV45: =SUM(AV44+AS45-AT45) -> 6 | BD45: =SUM(BD44+BA45-BB45) -> 6 | BL45: =SUM(BL44+BI45-BJ45) -> 6 | BT45: 6 | CB45: =SUM(CB44+BY45-BZ45) -> 6 | CJ45: =SUM(CJ44+CG45-CH45) -> 6 | CR45: =SUM(CR44+CO45-CP45) -> 6
H46: =SUM(H45+E46-F46) -> 11 | P46: =SUM(P45+M46-N46) -> 10 | X46: =SUM(X45+U46-V46) -> 7 | AF46: =SUM(AF45+AC46-AD46) -> 7 | AN46: =SUM(AN45+AK46-AL46) -> 6 | AV46: =SUM(AV45+AS46-AT46) -> 6 | BD46: =SUM(BD45+BA46-BB46) -> 6 | BL46: =SUM(BL45+BI46-BJ46) -> 6 | BT46: 6 | CB46: =SUM(CB45+BY46-BZ46) -> 6 | CJ46: =SUM(CJ45+CG46-CH46) -> 6 | CR46: =SUM(CR45+CO46-CP46) -> 6
H47: =SUM(H46+E47-F47) -> 11 | P47: =SUM(P46+M47-N47) -> 10 | X47: =SUM(X46+U47-V47) -> 7 | AF47: =SUM(AF46+AC47-AD47) -> 7 | AN47: =SUM(AN46+AK47-AL47) -> 6 | AV47: =SUM(AV46+AS47-AT47) -> 6 | BD47: =SUM(BD46+BA47-BB47) -> 6 | BL47: =SUM(BL46+BI47-BJ47) -> 6 | BT47: 6 | CB47: =SUM(CB46+BY47-BZ47) -> 6 | CJ47: =SUM(CJ46+CG47-CH47) -> 6 | CR47: =SUM(CR46+CO47-CP47) -> 6
H48: =SUM(H47+E48-F48) -> 11 | P48: =SUM(P47+M48-N48) -> 10 | X48: =SUM(X47+U48-V48) -> 7 | AF48: =SUM(AF47+AC48-AD48) -> 7 | AN48: =SUM(AN47+AK48-AL48) -> 6 | AV48: =SUM(AV47+AS48-AT48) -> 6 | BD48: =SUM(BD47+BA48-BB48) -> 6 | BL48: =SUM(BL47+BI48-BJ48) -> 6 | BT48: 6 | CB48: =SUM(CB47+BY48-BZ48) -> 6 | CJ48: =SUM(CJ47+CG48-CH48) -> 6 | CR48: =SUM(CR47+CO48-CP48) -> 6
H49: =SUM(H48+E49-F49) -> 11 | P49: =SUM(P48+M49-N49) -> 10 | X49: =SUM(X48+U49-V49) -> 7 | AF49: =SUM(AF48+AC49-AD49) -> 7 | AN49: =SUM(AN48+AK49-AL49) -> 6 | AV49: =SUM(AV48+AS49-AT49) -> 6 | BD49: =SUM(BD48+BA49-BB49) -> 6 | BL49: =SUM(BL48+BI49-BJ49) -> 6 | BT49: 6 | CB49: =SUM(CB48+BY49-BZ49) -> 6 | CJ49: =SUM(CJ48+CG49-CH49) -> 6 | CR49: =SUM(CR48+CO49-CP49) -> 6
H50: =SUM(H49+E50-F50) -> 11 | P50: =SUM(P49+M50-N50) -> 10 | X50: =SUM(X49+U50-V50) -> 7 | AF50: =SUM(AF49+AC50-AD50) -> 7 | AN50: =SUM(AN49+AK50-AL50) -> 6 | AV50: =SUM(AV49+AS50-AT50) -> 6 | BD50: =SUM(BD49+BA50-BB50) -> 6 | BL50: =SUM(BL49+BI50-BJ50) -> 6 | BT50: 6 | CB50: =SUM(CB49+BY50-BZ50) -> 6 | CJ50: =SUM(CJ49+CG50-CH50) -> 6 | CR50: =SUM(CR49+CO50-CP50) -> 6
H51: =SUM(H50+E51-F51) -> 11 | P51: =SUM(P50+M51-N51) -> 10 | X51: =SUM(X50+U51-V51) -> 7 | AF51: =SUM(AF50+AC51-AD51) -> 7 | AN51: =SUM(AN50+AK51-AL51) -> 6 | AV51: =SUM(AV50+AS51-AT51) -> 6 | BD51: =SUM(BD50+BA51-BB51) -> 6 | BL51: =SUM(BL50+BI51-BJ51) -> 6 | BT51: 6 | CB51: =SUM(CB50+BY51-BZ51) -> 6 | CJ51: =SUM(CJ50+CG51-CH51) -> 6 | CR51: =SUM(CR50+CO51-CP51) -> 6
H52: =SUM(H51+E52-F52) -> 11 | P52: =SUM(P51+M52-N52) -> 10 | X52: =SUM(X51+U52-V52) -> 7 | AF52: =SUM(AF51+AC52-AD52) -> 7 | AN52: =SUM(AN51+AK52-AL52) -> 6 | AV52: =SUM(AV51+AS52-AT52) -> 6 | BD52: =SUM(BD51+BA52-BB52) -> 6 | BL52: =SUM(BL51+BI52-BJ52) -> 6 | BT52: 6 | CB52: =SUM(CB51+BY52-BZ52) -> 6 | CJ52: =SUM(CJ51+CG52-CH52) -> 6 | CR52: =SUM(CR51+CO52-CP52) -> 6
H53: =SUM(H52+E53-F53) -> 11 | P53: =SUM(P52+M53-N53) -> 10 | X53: =SUM(X52+U53-V53) -> 7 | AF53: =SUM(AF52+AC53-AD53) -> 7 | AN53: =SUM(AN52+AK53-AL53) -> 6 | AV53: =SUM(AV52+AS53-AT53) -> 6 | BD53: =SUM(BD52+BA53-BB53) -> 6 | BL53: =SUM(BL52+BI53-BJ53) -> 6 | BT53: 6 | CB53: =SUM(CB52+BY53-BZ53) -> 6 | CJ53: =SUM(CJ52+CG53-CH53) -> 6 | CR53: =SUM(CR52+CO53-CP53) -> 6
B54: Attaches à tiges | J54: Attaches à tiges | R54: Attaches à tiges | Z54: Attaches à tiges | AH54: Attaches à tiges | AP54: Attaches à tiges | AX54: Attaches à tiges | BF54: Attaches à tiges | BN54: Attaches à tiges | BV54: Attaches à tiges | CD54: Attaches à tiges | CL54: Attaches à tiges
E55: Rentree | F55: Sortie | G55: Direction | H55: Stock | M55: Rentree | N55: Sortie | O55: Direction | P55: Stock | U55: Rentree | V55: Sortie | W55: Direction | X55: Stock | AC55: Rentree | AD55: Sortie | AE55: Direction | AF55: Stock | AK55: Rentree | AL55: Sortie | AM55: Direction | AN55: Stock | AS55: Rentree | AT55: Sortie | AU55: Direction | AV55: Stock | BA55: Rentree | BB55: Sortie | BC55: Direction | BD55: Stock | BI55: Rentree | BJ55: Sortie | BK55: Direction | BL55: Stock | BQ55: Rentree | BR55: Sortie | BS55: Direction | BT55: Stock | BY55: Rentree | BZ55: Sortie | CA55: Direction | CB55: Stock | CG55: Rentree | CH55: Sortie | CI55: Direction | CJ55: Stock | CO55: Rentree | CP55: Sortie | CQ55: Direction | CR55: Stock
B56: Stock 30 Sept.24 | E56: Boites | F56: Boites | H56: 0 | J56: Stock 31 Oct. 24 | M56: Boites | N56: Boites | P56: 0 | R56: Stock 30 Nov. 24 | U56: Boites | V56: Boites | X56: 0 | Z56: Stock 31 Déc. 24 | AC56: Boites | AD56: Boites | AF56: 0 | AH56: Stock 31 Jan. 25 | AK56: Boites | AL56: Boites | AN56: 0 | AP56: Stock 28 Fév. 25 | AS56: Boites | AT56: Boites | AV56: 0 | AX56: Stock 31 Mars. 25 | BA56: Boites | BB56: Boites | BD56: 0 | BF56: Stock 30 Avril. 25 | BI56: Boites | BJ56: Boites | BL56: 0 | BN56: Stock 31 Mai. 25 | BQ56: Boites | BR56: Boites | BT56: 0 | BV56: Stock 30 Juin. 25 | BY56: Boites | BZ56: Boites | CB56: 0 | CD56: Stock 31 Juil. 25 | CG56: Boites | CH56: Boites | CJ56: 0 | CL56: Stock 31 Août. 24 | CO56: Boites | CP56: Boites | CR56: 0
H57: =SUM(H56+E57-F57) -> 0 | P57: =SUM(P56+M57-N57) -> 0 | X57: =SUM(X56+U57-V57) -> 0 | AF57: =SUM(AF56+AC57-AD57) -> 0 | AN57: =SUM(AN56+AK57-AL57) -> 0 | AV57: =SUM(AV56+AS57-AT57) -> 0 | BD57: =SUM(BD56+BA57-BB57) -> 0 | BL57: =SUM(BL56+BI57-BJ57) -> 0 | BT57: =SUM(BT56+BQ57-BR57) -> 0 | CB57: =SUM(CB56+BY57-BZ57) -> 0 | CJ57: =SUM(CJ56+CG57-CH57) -> 0 | CR57: =SUM(CR56+CO57-CP57) -> 0
H58: =SUM(H57+E58-F58) -> 0 | P58: =SUM(P57+M58-N58) -> 0 | X58: =SUM(X57+U58-V58) -> 0 | AF58: =SUM(AF57+AC58-AD58) -> 0 | AN58: =SUM(AN57+AK58-AL58) -> 0 | AV58: =SUM(AV57+AS58-AT58) -> 0 | BD58: =SUM(BD57+BA58-BB58) -> 0 | BL58: =SUM(BL57+BI58-BJ58) -> 0 | BT58: =SUM(BT57+BQ58-BR58) -> 0 | CB58: =SUM(CB57+BY58-BZ58) -> 0 | CJ58: =SUM(CJ57+CG58-CH58) -> 0 | CR58: =SUM(CR57+CO58-CP58) -> 0
H59: =SUM(H58+E59-F59) -> 0 | P59: =SUM(P58+M59-N59) -> 0 | X59: =SUM(X58+U59-V59) -> 0 | AF59: =SUM(AF58+AC59-AD59) -> 0 | AN59: =SUM(AN58+AK59-AL59) -> 0 | AV59: =SUM(AV58+AS59-AT59) -> 0 | BD59: =SUM(BD58+BA59-BB59) -> 0 | BL59: =SUM(BL58+BI59-BJ59) -> 0 | BT59: =SUM(BT58+BQ59-BR59) -> 0 | CB59: =SUM(CB58+BY59-BZ59) -> 0 | CJ59: =SUM(CJ58+CG59-CH59) -> 0 | CR59: =SUM(CR58+CO59-CP59) -> 0
H60: =SUM(H59+E60-F60) -> 0 | P60: =SUM(P59+M60-N60) -> 0 | X60: =SUM(X59+U60-V60) -> 0 | AF60: =SUM(AF59+AC60-AD60) -> 0 | AN60: =SUM(AN59+AK60-AL60) -> 0 | AV60: =SUM(AV59+AS60-AT60) -> 0 | BD60: =SUM(BD59+BA60-BB60) -> 0 | BL60: =SUM(BL59+BI60-BJ60) -> 0 | BT60: =SUM(BT59+BQ60-BR60) -> 0 | CB60: =SUM(CB59+BY60-BZ60) -> 0 | CJ60: =SUM(CJ59+CG60-CH60) -> 0 | CR60: =SUM(CR59+CO60-CP60) -> 0
H61: =SUM(H60+E61-F61) -> 0 | P61: =SUM(P60+M61-N61) -> 0 | X61: =SUM(X60+U61-V61) -> 0 | AF61: =SUM(AF60+AC61-AD61) -> 0 | AN61: =SUM(AN60+AK61-AL61) -> 0 | AV61: =SUM(AV60+AS61-AT61) -> 0 | BD61: =SUM(BD60+BA61-BB61) -> 0 | BL61: =SUM(BL60+BI61-BJ61) -> 0 | BT61: =SUM(BT60+BQ61-BR61) -> 0 | CB61: =SUM(CB60+BY61-BZ61) -> 0 | CJ61: =SUM(CJ60+CG61-CH61) -> 0 | CR61: =SUM(CR60+CO61-CP61) -> 0
H62: =SUM(H61+E62-F62) -> 0 | P62: =SUM(P61+M62-N62) -> 0 | X62: =SUM(X61+U62-V62) -> 0 | AF62: =SUM(AF61+AC62-AD62) -> 0 | AN62: =SUM(AN61+AK62-AL62) -> 0 | AV62: =SUM(AV61+AS62-AT62) -> 0 | BD62: =SUM(BD61+BA62-BB62) -> 0 | BL62: =SUM(BL61+BI62-BJ62) -> 0 | BT62: =SUM(BT61+BQ62-BR62) -> 0 | CB62: =SUM(CB61+BY62-BZ62) -> 0 | CJ62: =SUM(CJ61+CG62-CH62) -> 0 | CR62: =SUM(CR61+CO62-CP62) -> 0
H63: =SUM(H62+E63-F63) -> 0 | P63: =SUM(P62+M63-N63) -> 0 | X63: =SUM(X62+U63-V63) -> 0 | AF63: =SUM(AF62+AC63-AD63) -> 0 | AN63: =SUM(AN62+AK63-AL63) -> 0 | AV63: =SUM(AV62+AS63-AT63) -> 0 | BD63: =SUM(BD62+BA63-BB63) -> 0 | BL63: =SUM(BL62+BI63-BJ63) -> 0 | BT63: =SUM(BT62+BQ63-BR63) -> 0 | CB63: =SUM(CB62+BY63-BZ63) -> 0 | CJ63: =SUM(CJ62+CG63-CH63) -> 0 | CR63: =SUM(CR62+CO63-CP63) -> 0
H64: =SUM(H63+E64-F64) -> 0 | P64: =SUM(P63+M64-N64) -> 0 | X64: =SUM(X63+U64-V64) -> 0 | AF64: =SUM(AF63+AC64-AD64) -> 0 | AN64: =SUM(AN63+AK64-AL64) -> 0 | AV64: =SUM(AV63+AS64-AT64) -> 0 | BD64: =SUM(BD63+BA64-BB64) -> 0 | BL64: =SUM(BL63+BI64-BJ64) -> 0 | BT64: =SUM(BT63+BQ64-BR64) -> 0 | CB64: =SUM(CB63+BY64-BZ64) -> 0 | CJ64: =SUM(CJ63+CG64-CH64) -> 0 | CR64: =SUM(CR63+CO64-CP64) -> 0
H65: =SUM(H64+E65-F65) -> 0 | P65: =SUM(P64+M65-N65) -> 0 | X65: =SUM(X64+U65-V65) -> 0 | AF65: =SUM(AF64+AC65-AD65) -> 0 | AN65: =SUM(AN64+AK65-AL65) -> 0 | AV65: =SUM(AV64+AS65-AT65) -> 0 | BD65: =SUM(BD64+BA65-BB65) -> 0 | BL65: =SUM(BL64+BI65-BJ65) -> 0 | BT65: =SUM(BT64+BQ65-BR65) -> 0 | CB65: =SUM(CB64+BY65-BZ65) -> 0 | CJ65: =SUM(CJ64+CG65-CH65) -> 0 | CR65: =SUM(CR64+CO65-CP65) -> 0
H66: =SUM(H65+E66-F66) -> 0 | P66: =SUM(P65+M66-N66) -> 0 | X66: =SUM(X65+U66-V66) -> 0 | AF66: =SUM(AF65+AC66-AD66) -> 0 | AN66: =SUM(AN65+AK66-AL66) -> 0 | AV66: =SUM(AV65+AS66-AT66) -> 0 | BD66: =SUM(BD65+BA66-BB66) -> 0 | BL66: =SUM(BL65+BI66-BJ66) -> 0 | BT66: =SUM(BT65+BQ66-BR66) -> 0 | CB66: =SUM(CB65+BY66-BZ66) -> 0 | CJ66: =SUM(CJ65+CG66-CH66) -> 0 | CR66: =SUM(CR65+CO66-CP66) -> 0
B67: B | J67: B | R67: B | Z67: B | AH67: B | AP67: B | AX67: B | BF67: B | BN67: B | BV67: B | CD67: B | CL67: B
B69: Binder clip (petit) | J69: Binder clip (petit) | R69: Binder clip (petit) | Z69: Binder clip (petit) | AH69: Binder clip (petit) | AP69: Binder clip (petit) | AX69: Binder clip (petit) | BF69: Binder clip (petit) | BN69: Binder clip (petit) | BV69: Binder clip (petit) | CD69: Binder clip (petit) | CL69: Binder clip (petit)
E70: Rentree | F70: Sortie | G70: Direction | H70: Stock | M70: Rentree | N70: Sortie | O70: Direction | P70: Stock | U70: Rentree | V70: Sortie | W70: Direction | X70: Stock | AC70: Rentree | AD70: Sortie | AE70: Direction | AF70: Stock | AK70: Rentree | AL70: Sortie | AM70: Direction | AN70: Stock | AS70: Rentree | AT70: Sortie | AU70: Direction | AV70: Stock | BA70: Rentree | BB70: Sortie | BC70: Direction | BD70: Stock | BI70: Rentree | BJ70: Sortie | BK70: Direction | BL70: Stock | BQ70: Rentree | BR70: Sortie | BS70: Direction | BT70: Stock | BY70: Rentree | BZ70: Sortie | CA70: Direction | CB70: Stock | CG70: Rentree | CH70: Sortie | CI70: Direction | CJ70: Stock | CO70: Rentree | CP70: Sortie | CQ70: Direction | CR70: Stock
B71: Stock 30 Sept.24 | E71: Unités | F71: Unités | H71: 557 | J71: Stock 31 Oct. 24 | M71: Unités | N71: Unités | P71: 555 | R71: Stock 30 Nov. 24 | U71: Unités | V71: Unités | X71: 554 | Z71: Stock 31 Déc. 24 | AC71: Unités | AD71: Unités | AF71: 554 | AH71: Stock 31 Jan. 25 | AK71: Unités | AL71: Unités | AN71: 554 | AP71: Stock 28 Fév. 25 | AS71: Unités | AT71: Unités | AV71: 552 | AX71: Stock 31 Mars. 25 | BA71: Unités | BB71: Unités | BD71: 551 | BF71: Stock 30 Avril. 25 | BI71: Unités | BJ71: Unités | BL71: 548 | BN71: Stock 31 Mai. 25 | BQ71: Unités | BR71: Unités | BT71: 546 | BV71: Stock 30 Juin. 25 | BY71: Unités | BZ71: Unités | CB71: =BT75 -> 543 | CD71: Stock 31 Juil. 25 | CG71: Unités | CH71: Unités | CJ71: =CB72 -> 543 | CL71: Stock 31 Août. 24 | CO71: Unités | CP71: Unités | CR71: =CJ72 -> 541
B72: 45567 | E72: 0 | F72: 1 | G72: DAA | H72: =SUM(H71+E72-F72) -> 556 | J72: 45601 | M72: 0 | N72: 1 | O72: DASIP | P72: =SUM(P71+M72-N72) -> 554 | X72: =SUM(X71+U72-V72) -> 554 | AF72: =SUM(AF71+AC72-AD72) -> 554 | AH72: 45698 | AK72: 0 | AL72: 1 | AM72: DASIP | AN72: =SUM(AN71+AK72-AL72) -> 553 | AP72: 45730 | AS72: 0 | AT72: 1 | AU72: DCB | AV72: =SUM(AV71+AS72-AT72) -> 551 | AX72: 45770 | BA72: 0 | BB72: 1 | BC72: DASIP | BD72: =SUM(BD71+BA72-BB72) -> 550 | BF72: 45793 | BI72: 0 | BJ72: 2 | BK72: DASIP | BL72: =SUM(BL71+BI72-BJ72) -> 546 | BN72: 45817 | BQ72: 0 | BR72: 1 | BS72: DAA | BT72: =SUM(BT71+BQ72-BR72) -> 545 | BZ72: 0 | CB72: =CB71+BY72-BZ72 -> 543 | CD72: 45895 | CG72: 0 | CH72: 2 | CI72: DASIP | CJ72: =SUM(CJ71+CG72-CH72) -> 541 | CL72: 45903 | CO72: 0 | CP72: 1 | CQ72: DASIP | CR72: =SUM(CR71+CO72-CP72) -> 540
B73: 45575 | E73: 0 | F73: 1 | G73: DRH | H73: =SUM(H72+E73-F73) -> 555 | M73: 0 | P73: =SUM(P72+M73-N73) -> 554 | X73: 554 | AF73: =SUM(AF72+AC73-AD73) -> 554 | AH73: 45702 | AK73: 0 | AL73: 1 | AM73: DGA | AN73: =SUM(AN72+AK73-AL73) -> 552 | AS73: 0 | AV73: =SUM(AV72+AS73-AT73) -> 551 | AX73: 45775 | BA73: 0 | BB73: 2 | BC73: DCB | BD73: =SUM(BD72+BA73-BB73) -> 548 | BI73: 0 | BL73: =SUM(BL72+BI73-BJ73) -> 546 | BN73: 45838 | BQ73: 0 | BR73: 2 | BS73: DASIP | BT73: =SUM(BT72+BQ73-BR73) -> 543 | BY73: 0 | CB73: =CB72+BY73-BZ73 -> 543 | CJ73: =SUM(CJ72+CG73-CH73) -> 541 | CL73: 45915 | CO73: 0 | CP73: 1 | CQ73: DCB | CR73: =SUM(CR72+CO73-CP73) -> 539
H74: =SUM(H73+E74-F74) -> 555 | M74: 0 | P74: =SUM(P73+M74-N74) -> 554 | X74: =SUM(X73+U74-V74) -> 554 | AF74: =SUM(AF73+AC74-AD74) -> 554 | AN74: =SUM(AN73+AK74-AL74) -> 552 | AV74: =SUM(AV73+AS74-AT74) -> 551 | BD74: =SUM(BD73+BA74-BB74) -> 548 | BL74: =SUM(BL73+BI74-BJ74) -> 546 | BT74: =SUM(BT73+BQ74-BR74) -> 543 | CB74: =CB73+BY74-BZ74 -> 543 | CJ74: =SUM(CJ73+CG74-CH74) -> 541 | CR74: =SUM(CR73+CO74-CP74) -> 539
H75: =SUM(H74+E75-F75) -> 555 | P75: =SUM(P74+M75-N75) -> 554 | X75: =SUM(X74+U75-V75) -> 554 | AF75: =SUM(AF74+AC75-AD75) -> 554 | AN75: =SUM(AN74+AK75-AL75) -> 552 | AV75: =SUM(AV74+AS75-AT75) -> 551 | BD75: =SUM(BD74+BA75-BB75) -> 548 | BL75: =SUM(BL74+BI75-BJ75) -> 546 | BT75: =SUM(BT74+BQ75-BR75) -> 543 | CB75: =CB74+BY75-BZ75 -> 543 | CJ75: =SUM(CJ74+CG75-CH75) -> 541 | CR75: =SUM(CR74+CO75-CP75) -> 539
H76: =SUM(H75+E76-F76) -> 555 | P76: =SUM(P75+M76-N76) -> 554 | X76: =SUM(X75+U76-V76) -> 554 | AF76: =SUM(AF75+AC76-AD76) -> 554 | AN76: =SUM(AN75+AK76-AL76) -> 552 | AV76: =SUM(AV75+AS76-AT76) -> 551 | BD76: =SUM(BD75+BA76-BB76) -> 548 | BL76: =SUM(BL75+BI76-BJ76) -> 546 | BT76: =SUM(BT75+BQ76-BR76) -> 543 | CB76: =CB75+BY76-BZ76 -> 543 | CJ76: =SUM(CJ75+CG76-CH76) -> 541 | CR76: =SUM(CR75+CO76-CP76) -> 539
H77: =SUM(H76+E77-F77) -> 555 | P77: =SUM(P76+M77-N77) -> 554 | X77: =SUM(X76+U77-V77) -> 554 | AF77: =SUM(AF76+AC77-AD77) -> 554 | AN77: =SUM(AN76+AK77-AL77) -> 552 | AV77: =SUM(AV76+AS77-AT77) -> 551 | BD77: =SUM(BD76+BA77-BB77) -> 548 | BL77: =SUM(BL76+BI77-BJ77) -> 546 | BT77: =SUM(BT76+BQ77-BR77) -> 543 | CB77: =CB76+BY77-BZ77 -> 543 | CJ77: =SUM(CJ76+CG77-CH77) -> 541 | CR77: =SUM(CR76+CO77-CP77) -> 539
H78: =SUM(H77+E78-F78) -> 555 | P78: =SUM(P77+M78-N78) -> 554 | X78: =SUM(X77+U78-V78) -> 554 | AF78: =SUM(AF77+AC78-AD78) -> 554 | AN78: =SUM(AN77+AK78-AL78) -> 552 | AV78: =SUM(AV77+AS78-AT78) -> 551 | BD78: =SUM(BD77+BA78-BB78) -> 548 | BL78: =SUM(BL77+BI78-BJ78) -> 546 | BT78: =SUM(BT77+BQ78-BR78) -> 543 | CB78: =CB77+BY78-BZ78 -> 543 | CJ78: =SUM(CJ77+CG78-CH78) -> 541 | CR78: =SUM(CR77+CO78-CP78) -> 539
H79: =SUM(H78+E79-F79) -> 555 | P79: =SUM(P78+M79-N79) -> 554 | X79: =SUM(X78+U79-V79) -> 554 | AF79: =SUM(AF78+AC79-AD79) -> 554 | AN79: =SUM(AN78+AK79-AL79) -> 552 | AV79: =SUM(AV78+AS79-AT79) -> 551 | BD79: =SUM(BD78+BA79-BB79) -> 548 | BL79: =SUM(BL78+BI79-BJ79) -> 546 | BT79: =SUM(BT78+BQ79-BR79) -> 543 | CB79: =CB78+BY79-BZ79 -> 543 | CJ79: =SUM(CJ78+CG79-CH79) -> 541 | CR79: =SUM(CR78+CO79-CP79) -> 539
H80: =SUM(H79+E80-F80) -> 555 | P80: =SUM(P79+M80-N80) -> 554 | X80: =SUM(X79+U80-V80) -> 554 | AF80: =SUM(AF79+AC80-AD80) -> 554 | AN80: =SUM(AN79+AK80-AL80) -> 552 | AV80: =SUM(AV79+AS80-AT80) -> 551 | BD80: =SUM(BD79+BA80-BB80) -> 548 | BL80: =SUM(BL79+BI80-BJ80) -> 546 | BT80: =SUM(BT79+BQ80-BR80) -> 543 | CB80: =CB79+BY80-BZ80 -> 543 | CJ80: =SUM(CJ79+CG80-CH80) -> 541 | CR80: =SUM(CR79+CO80-CP80) -> 539
B81: Binder clip (moyen) | J81: Binder clip (moyen) | R81: Binder clip (moyen) | Z81: Binder clip (moyen) | AH81: Binder clip (moyen) | AP81: Binder clip (moyen) | AX81: Binder clip (moyen) | BF81: Binder clip (moyen) | BN81: Binder clip (moyen) | BV81: Binder clip (moyen) | CD81: Binder clip (moyen) | CL81: Binder clip (moyen)
E82: Rentree | F82: Sortie | G82: Direction | H82: Stock | M82: Rentree | N82: Sortie | O82: Direction | P82: Stock | U82: Rentree | V82: Sortie | W82: Direction | X82: Stock | AC82: Rentree | AD82: Sortie | AE82: Direction | AF82: Stock | AK82: Rentree | AL82: Sortie | AM82: Direction | AN82: Stock | AS82: Rentree | AT82: Sortie | AU82: Direction | AV82: Stock | BA82: Rentree | BB82: Sortie | BC82: Direction | BD82: Stock | BI82: Rentree | BJ82: Sortie | BK82: Direction | BL82: Stock | BQ82: Rentree | BR82: Sortie | BS82: Direction | BT82: Stock | BY82: Rentree | BZ82: Sortie | CA82: Direction | CB82: Stock | CG82: Rentree | CH82: Sortie | CI82: Direction | CJ82: Stock | CO82: Rentree | CP82: Sortie | CQ82: Direction | CR82: Stock
B83: Stock 30 Sept.24 | E83: Unités | F83: Unités | H83: 275 | J83: Stock 31 Oct. 24 | M83: Unités | N83: Unités | P83: 274 | R83: Stock 30 Nov. 24 | U83: Unités | V83: Unités | X83: 274 | Z83: Stock 31 Déc. 24 | AC83: Unités | AD83: Unités | AF83: 272 | AH83: Stock 31 Jan. 25 | AK83: Unités | AL83: Unités | AN83: 269 | AP83: Stock 28 Fév. 25 | AS83: Unités | AT83: Unités | AV83: 267 | AX83: Stock 31 Mars. 25 | BA83: Unités | BB83: Unités | BD83: 266 | BF83: Stock 30 Avril. 25 | BI83: Unités | BJ83: Unités | BL83: 266 | BN83: Stock 31 Mai. 25 | BQ83: Unités | BR83: Unités | BT83: 263 | BV83: Stock 30 Juin. 25 | BY83: Unités | BZ83: Unités | CB83: 262 | CD83: Stock 31 Juil. 25 | CG83: Unités | CH83: Unités | CJ83: =CB84 -> 262 | CL83: Stock 31 Août. 24 | CO83: Unités | CP83: Unités | CR83: =CJ85 -> 260
B84: 45575 | E84: 0 | F84: 1 | G84: DRH | H84: =SUM(H83+E84-F84) -> 274 | P84: =SUM(P83+M84-N84) -> 274 | R84: 45656 | U84: 0 | V84: 1 | W84: DAA | X84: =SUM(X83+U84-V84) -> 273 | Z84: 45663 | AC84: 0 | AD84: 3 | AE84: DAA | AF84: =SUM(AF83+AC84-AD84) -> 269 | AH84: 45698 | AK84: 0 | AL84: 1 | AM84: DASIP | AN84: =SUM(AN83+AK84-AL84) -> 268 | AP84: 45741 | AS84: 0 | AT84: 1 | AU84: DASIP | AV84: =SUM(AV83+AS84-AT84) -> 266 | BD84: =SUM(BD83+BA84-BB84) -> 266 | BF84: 45793 | BI84: 0 | BJ84: 2 | BK84: DASIP | BL84: =SUM(BL83+BI84-BJ84) -> 264 | BN84: 45811 | BQ84: 0 | BR84: 1 | BS84: DCB | BT84: =SUM(BT83+BQ84-BR84) -> 262 | CB84: =SUM(CB83+BY84-BZ84) -> 262 | CD84: 45895 | CG84: 0 | CH84: 2 | CI84: DASIP | CJ84: =SUM(CJ83+CG84-CH84) -> 260 | CL84: 45903 | CO84: 0 | CP84: 1 | CQ84: DASIP | CR84: =SUM(CR83+CO84-CP84) -> 259
H85: =SUM(H84+E85-F85) -> 274 | P85: =SUM(P84+M85-N85) -> 274 | R85: 45656 | U85: 0 | V85: 1 | W85: DASIP | X85: =SUM(X84+U85-V85) -> 272 | AE85: DAA | AF85: =SUM(AF84+AC85-AD85) -> 269 | AH85: 45702 | AK85: 0 | AL85: 1 | AM85: DGA | AN85: =SUM(AN84+AK85-AL85) -> 267 | AV85: =SUM(AV84+AS85-AT85) -> 266 | BD85: =SUM(BD84+BA85-BB85) -> 266 | BF85: 45806 | BI85: 0 | BJ85: 1 | BK85: DASIP | BL85: =SUM(BL84+BI85-BJ85) -> 263 | BN85: 45817 | BQ85: 0 | BR85: 1 | BS85: DAA | BT85: =SUM(BT84+BQ85-BR85) -> 261 | CB85: =SUM(CB84+BY85-BZ85) -> 262 | CJ85: =SUM(CJ84+CG85-CH85) -> 260 | CL85: 45915 | CO85: 0 | CP85: 1 | CQ85: DCB | CR85: =SUM(CR84+CO85-CP85) -> 258
H86: =SUM(H85+E86-F86) -> 274 | P86: =SUM(P85+M86-N86) -> 274 | X86: =SUM(X85+U86-V86) -> 272 | AF86: =SUM(AF85+AC86-AD86) -> 269 | AN86: =SUM(AN85+AK86-AL86) -> 267 | AV86: =SUM(AV85+AS86-AT86) -> 266 | BD86: =SUM(BD85+BA86-BB86) -> 266 | BL86: =SUM(BL85+BI86-BJ86) -> 263 | BN86: 45838 | BQ86: 0 | BR86: 2 | BS86: DASIP | BT86: =SUM(BT85+BQ86-BR86) -> 259 | CB86: =SUM(CB85+BY86-BZ86) -> 262 | CJ86: =SUM(CJ85+CG86-CH86) -> 260 | CR86: =SUM(CR85+CO86-CP86) -> 258
H87: =SUM(H86+E87-F87) -> 274 | P87: =SUM(P86+M87-N87) -> 274 | X87: =SUM(X86+U87-V87) -> 272 | AF87: =SUM(AF86+AC87-AD87) -> 269 | AN87: =SUM(AN86+AK87-AL87) -> 267 | AV87: =SUM(AV86+AS87-AT87) -> 266 | BD87: =SUM(BD86+BA87-BB87) -> 266 | BL87: =SUM(BL86+BI87-BJ87) -> 263 | BT87: =SUM(BT86+BQ87-BR87) -> 259 | CB87: =SUM(CB86+BY87-BZ87) -> 262 | CJ87: =SUM(CJ86+CG87-CH87) -> 260 | CR87: =SUM(CR86+CO87-CP87) -> 258
H88: =SUM(H87+E88-F88) -> 274 | P88: =SUM(P87+M88-N88) -> 274 | X88: =SUM(X87+U88-V88) -> 272 | AF88: =SUM(AF87+AC88-AD88) -> 269 | AN88: =SUM(AN87+AK88-AL88) -> 267 | AV88: =SUM(AV87+AS88-AT88) -> 266 | BD88: =SUM(BD87+BA88-BB88) -> 266 | BL88: =SUM(BL87+BI88-BJ88) -> 263 | BT88: =SUM(BT87+BQ88-BR88) -> 259 | CB88: =SUM(CB87+BY88-BZ88) -> 262 | CJ88: =SUM(CJ87+CG88-CH88) -> 260 | CR88: =SUM(CR87+CO88-CP88) -> 258
H89: =SUM(H88+E89-F89) -> 274 | P89: =SUM(P88+M89-N89) -> 274 | X89: =SUM(X88+U89-V89) -> 272 | AF89: =SUM(AF88+AC89-AD89) -> 269 | AN89: =SUM(AN88+AK89-AL89) -> 267 | AV89: =SUM(AV88+AS89-AT89) -> 266 | BD89: =SUM(BD88+BA89-BB89) -> 266 | BL89: =SUM(BL88+BI89-BJ89) -> 263 | BT89: =SUM(BT88+BQ89-BR89) -> 259 | CB89: =SUM(CB88+BY89-BZ89) -> 262 | CJ89: =SUM(CJ88+CG89-CH89) -> 260 | CR89: =SUM(CR88+CO89-CP89) -> 258
H90: =SUM(H89+E90-F90) -> 274 | P90: =SUM(P89+M90-N90) -> 274 | X90: =SUM(X89+U90-V90) -> 272 | AF90: =SUM(AF89+AC90-AD90) -> 269 | AN90: =SUM(AN89+AK90-AL90) -> 267 | AV90: =SUM(AV89+AS90-AT90) -> 266 | BD90: =SUM(BD89+BA90-BB90) -> 266 | BL90: =SUM(BL89+BI90-BJ90) -> 263 | BT90: =SUM(BT89+BQ90-BR90) -> 259 | CB90: =SUM(CB89+BY90-BZ90) -> 262 | CJ90: =SUM(CJ89+CG90-CH90) -> 260 | CR90: =SUM(CR89+CO90-CP90) -> 258
H91: =SUM(H90+E91-F91) -> 274 | P91: =SUM(P90+M91-N91) -> 274 | X91: =SUM(X90+U91-V91) -> 272 | AF91: =SUM(AF90+AC91-AD91) -> 269 | AN91: =SUM(AN90+AK91-AL91) -> 267 | AV91: =SUM(AV90+AS91-AT91) -> 266 | BD91: =SUM(BD90+BA91-BB91) -> 266 | BL91: =SUM(BL90+BI91-BJ91) -> 263 | BT91: =SUM(BT90+BQ91-BR91) -> 259 | CB91: =SUM(CB90+BY91-BZ91) -> 262 | CJ91: =SUM(CJ90+CG91-CH91) -> 260 | CR91: =SUM(CR90+CO91-CP91) -> 258
H92: =SUM(H91+E92-F92) -> 274 | P92: =SUM(P91+M92-N92) -> 274 | X92: =SUM(X91+U92-V92) -> 272 | AF92: =SUM(AF91+AC92-AD92) -> 269 | AN92: =SUM(AN91+AK92-AL92) -> 267 | AV92: =SUM(AV91+AS92-AT92) -> 266 | BD92: =SUM(BD91+BA92-BB92) -> 266 | BL92: =SUM(BL91+BI92-BJ92) -> 263 | BT92: =SUM(BT91+BQ92-BR92) -> 259 | CB92: =SUM(CB91+BY92-BZ92) -> 262 | CJ92: =SUM(CJ91+CG92-CH92) -> 260 | CR92: =SUM(CR91+CO92-CP92) -> 258
H93: =SUM(H92+E93-F93) -> 274 | P93: =SUM(P92+M93-N93) -> 274 | X93: =SUM(X92+U93-V93) -> 272 | AF93: =SUM(AF92+AC93-AD93) -> 269 | AN93: =SUM(AN92+AK93-AL93) -> 267 | AV93: =SUM(AV92+AS93-AT93) -> 266 | BD93: =SUM(BD92+BA93-BB93) -> 266 | BL93: =SUM(BL92+BI93-BJ93) -> 263 | BT93: =SUM(BT92+BQ93-BR93) -> 259 | CB93: =SUM(CB92+BY93-BZ93) -> 262 | CJ93: =SUM(CJ92+CG93-CH93) -> 260 | CR93: =SUM(CR92+CO93-CP93) -> 258
H94: =SUM(H93+E94-F94) -> 274 | P94: =SUM(P84+M94-N94) -> 274 | U94: 0 | X94: =SUM(X93+U94-V94) -> 272 | AF94: =SUM(AF84+AC94-AD94) -> 269 | AN94: =SUM(AN93+AK94-AL94) -> 267 | AV94: =SUM(AV93+AS94-AT94) -> 266 | BD94: =SUM(BD84+BA94-BB94) -> 266 | BL94: =SUM(BL93+BI94-BJ94) -> 263 | BT94: =SUM(BT93+BQ94-BR94) -> 259 | CB94: =SUM(CB93+BY94-BZ94) -> 262 | CJ94: =SUM(CJ93+CG94-CH94) -> 260 | CR94: =SUM(CR93+CO94-CP94) -> 258
H95: =SUM(H94+E95-F95) -> 274 | P95: =SUM(P94+M95-N95) -> 274 | X95: =SUM(X94+U95-V95) -> 272 | AF95: =SUM(AF94+AC95-AD95) -> 269 | AN95: =SUM(AN94+AK95-AL95) -> 267 | AV95: =SUM(AV94+AS95-AT95) -> 266 | BD95: =SUM(BD94+BA95-BB95) -> 266 | BL95: =SUM(BL94+BI95-BJ95) -> 263 | BT95: =SUM(BT94+BQ95-BR95) -> 259 | CB95: =SUM(CB94+BY95-BZ95) -> 262 | CJ95: =SUM(CJ94+CG95-CH95) -> 260 | CR95: =SUM(CR94+CO95-CP95) -> 258
B96: Binder clip (grand) | J96: Binder clip (grand) | R96: Binder clip (grand) | Z96: Binder clip (grand) | AH96: Binder clip (grand) | AP96: Binder clip (grand) | AX96: Binder clip (grand) | BF96: Binder clip (grand) | BN96: Binder clip (grand) | BV96: Binder clip (grand) | CD96: Binder clip (grand) | CL96: Binder clip (grand)
E97: Rentree | F97: Sortie | G97: Direction | H97: Stock | M97: Rentree | N97: Sortie | O97: Direction | P97: Stock | U97: Rentree | V97: Sortie | W97: Direction | X97: Stock | AC97: Rentree | AD97: Sortie | AE97: Direction | AF97: Stock | AK97: Rentree | AL97: Sortie | AM97: Direction | AN97: Stock | AS97: Rentree | AT97: Sortie | AU97: Direction | AV97: Stock | BA97: Rentree | BB97: Sortie | BC97: Direction | BD97: Stock | BI97: Rentree | BJ97: Sortie | BK97: Direction | BL97: Stock | BQ97: Rentree | BR97: Sortie | BS97: Direction | BT97: Stock | BY97: Rentree | BZ97: Sortie | CA97: Direction | CB97: Stock | CG97: Rentree | CH97: Sortie | CI97: Direction | CJ97: Stock | CO97: Rentree | CP97: Sortie | CQ97: Direction | CR97: Stock
B98: Stock 30 Sept.24 | E98: Unités | F98: Unités | H98: 97 | J98: Stock 31 Oct. 24 | M98: Unités | N98: Unités | P98: 96 | R98: Stock 30 Nov. 24 | U98: Unités | V98: Unités | X98: 95 | Z98: Stock 31 Déc. 24 | AC98: Unités | AD98: Unités | AF98: 93 | AH98: Stock 31 Jan. 25 | AK98: Unités | AL98: Unités | AN98: 93 | AP98: Stock 28 Fév. 25 | AS98: Unités | AT98: Unités | AV98: 91 | AX98: Stock 31 Mars. 25 | BA98: Unités | BB98: Unités | BD98: 90 | BF98: Stock 30 Avril. 25 | BI98: Unités | BJ98: Unités | BL98: 90 | BN98: Stock 31 Mai. 25 | BQ98: Unités | BR98: Unités | BT98: 90 | BV98: Stock 30 Juin. 25 | BY98: Unités | BZ98: Unités | CB98: 90 | CD98: Stock 31 Juil. 25 | CG98: Unités | CH98: Unités | CJ98: =CB98 -> 90 | CL98: Stock 31 Août. 24 | CO98: Unités | CP98: Unités | CR98: =CJ99 -> 88
B99: 45567 | E99: 0 | F99: 1 | H99: =SUM(H98+E99-F99) -> 96 | J99: 45601 | M99: 0 | N99: 1 | O99: DAA | P99: =SUM(P98+M99-N99) -> 95 | R99: 45656 | U99: 0 | V99: 1 | W99: DAA | X99: =SUM(X98+U99-V99) -> 94 | AF99: =SUM(AF98+AC99-AD99) -> 93 | AH99: 45698 | AK99: 0 | AL99: 1 | AM99: DASIP | AN99: =SUM(AN98+AK99-AL99) -> 92 | AP99: 45741 | AS99: 0 | AT99: 1 | AU99: DASIP | AV99: =SUM(AV98+AS99-AT99) -> 90 | BA99: 0 | BD99: =SUM(BD98+BA99-BB99) -> 90 | BI99: 0 | BL99: =SUM(BL98+BI99-BJ99) -> 90 | BQ99: 0 | BT99: =SUM(BT98+BQ99-BR99) -> 90 | BY99: 0 | CB99: =SUM(CB98+BY99-BZ99) -> 90 | CD99: 45895 | CG99: 0 | CH99: 2 | CI99: DASIP | CJ99: =SUM(CJ98+CG99-CH99) -> 88 | CL99: 45903 | CO99: 0 | CP99: 1 | CQ99: DASIP | CR99: =SUM(CR98+CO99-CP99) -> 87
H100: =SUM(H99+E100-F100) -> 96 | M100: 0 | P100: =SUM(P99+M100-N100) -> 95 | R100: 45656 | U100: 0 | V100: 1 | W100: DASIP | X100: =SUM(X99+U100-V100) -> 93 | AF100: =SUM(AF99+AC100-AD100) -> 93 | AH100: 45702 | AK100: 0 | AL100: 1 | AM100: DGA | AN100: =SUM(AN99+AK100-AL100) -> 91 | AV100: =SUM(AV99+AS100-AT100) -> 90 | BD100: =SUM(BD99+BA100-BB100) -> 90 | BI100: 0 | BL100: =SUM(BL99+BI100-BJ100) -> 90 | BT100: =SUM(BT99+BQ100-BR100) -> 90 | CB100: =SUM(CB99+BY100-BZ100) -> 90 | CJ100: =SUM(CJ99+CG100-CH100) -> 88 | CL100: 45915 | CO100: 0 | CP100: 1 | CQ100: DCB | CR100: =SUM(CR99+CO100-CP100) -> 86
H101: =SUM(H100+E101-F101) -> 96 | P101: =SUM(P100+M101-N101) -> 95 | X101: =SUM(X100+U101-V101) -> 93 | AF101: =SUM(AF100+AC101-AD101) -> 93 | AN101: =SUM(AN100+AK101-AL101) -> 91 | AV101: =SUM(AV100+AS101-AT101) -> 90 | BD101: =SUM(BD100+BA101-BB101) -> 90 | BL101: =SUM(BL100+BI101-BJ101) -> 90 | BT101: =SUM(BT100+BQ101-BR101) -> 90 | CB101: =SUM(CB100+BY101-BZ101) -> 90 | CJ101: =SUM(CJ100+CG101-CH101) -> 88 | CL101: 45915 | CO101: 0 | CP101: 2 | CQ101: DAA | CR101: =SUM(CR100+CO101-CP101) -> 84
H102: =SUM(H101+E102-F102) -> 96 | P102: =SUM(P101+M102-N102) -> 95 | X102: =SUM(X101+U102-V102) -> 93 | AF102: =SUM(AF101+AC102-AD102) -> 93 | AN102: =SUM(AN101+AK102-AL102) -> 91 | AV102: =SUM(AV101+AS102-AT102) -> 90 | BD102: =SUM(BD101+BA102-BB102) -> 90 | BL102: =SUM(BL101+BI102-BJ102) -> 90 | BT102: =SUM(BT101+BQ102-BR102) -> 90 | CB102: =SUM(CB101+BY102-BZ102) -> 90 | CJ102: =SUM(CJ101+CG102-CH102) -> 88 | CR102: =SUM(CR101+CO102-CP102) -> 84
H103: =SUM(H102+E103-F103) -> 96 | P103: =SUM(P102+M103-N103) -> 95 | X103: =SUM(X102+U103-V103) -> 93 | AF103: =SUM(AF102+AC103-AD103) -> 93 | AN103: =SUM(AN102+AK103-AL103) -> 91 | AV103: =SUM(AV102+AS103-AT103) -> 90 | BD103: =SUM(BD102+BA103-BB103) -> 90 | BL103: =SUM(BL102+BI103-BJ103) -> 90 | BT103: =SUM(BT102+BQ103-BR103) -> 90 | CB103: =SUM(CB102+BY103-BZ103) -> 90 | CJ103: =SUM(CJ102+CG103-CH103) -> 88 | CR103: =SUM(CR102+CO103-CP103) -> 84
H104: =SUM(H103+E104-F104) -> 96 | P104: =SUM(P103+M104-N104) -> 95 | X104: =SUM(X103+U104-V104) -> 93 | AF104: =SUM(AF103+AC104-AD104) -> 93 | AN104: =SUM(AN103+AK104-AL104) -> 91 | AV104: =SUM(AV103+AS104-AT104) -> 90 | BD104: =SUM(BD103+BA104-BB104) -> 90 | BL104: =SUM(BL103+BI104-BJ104) -> 90 | BT104: =SUM(BT103+BQ104-BR104) -> 90 | CB104: =SUM(CB103+BY104-BZ104) -> 90 | CJ104: =SUM(CJ103+CG104-CH104) -> 88 | CR104: =SUM(CR103+CO104-CP104) -> 84
B105: Boîtes en carton | J105: Boîte en carton | R105: Boîte en carton | Z105: Boîte en carton | AH105: Boîte en carton | AP105: Boîte en carton | AX105: Boîte en carton | BF105: Boîte en carton | BN105: Boîte en carton | BV105: Boîte en carton | CD105: Boîte en carton | CL105: Boîte en carton
...

Sheet R
B18: Fournitures de bureau

Sheet T
B2: Direction Générale du Budget | J2: Direction Générale du Budget | R2: Direction Générale du Budget | Z2: Direction Générale du Budget | AH2: Direction Générale du Budget | AP2: Direction Générale du Budget | AX2: Direction Générale du Budget | BF2: Direction Générale du Budget | BN2: Direction Générale du Budget | BV2: Direction Générale du Budget | CD2: Direction Générale du Budget | CL2: Direction Générale du Budget
B3: Inventaire stocks fournitures | J3: Inventaire stocks fournitures | R3: Inventaire stocks fournitures | Z3: Inventaire stocks fournitures | AH3: Inventaire stocks fournitures | AP3: Inventaire stocks fournitures | AX3: Inventaire stocks fournitures | BF3: Inventaire stocks fournitures | BN3: Inventaire stocks fournitures | BV3: Inventaire stocks fournitures | CD3: Inventaire stocks fournitures | CL3: Inventaire stocks fournitures
B4: Exercice: 2022-2023 | J4: Exercice: 2022-2023 | R4: Exercice: 2022-2023 | Z4: Exercice: 2022-2023 | AH4: Exercice: 2022-2023 | AP4: Exercice: 2022-2023 | AX4: Exercice: 2022-2023 | BF4: Exercice: 2022-2023 | BN4: Exercice: 2022-2023 | BV4: Exercice: 2022-2023 | CD4: Exercice: 2022-2023 | CL4: Exercice: 2022-2023
B6: 44835 | J6: 44866 | R6: 44896 | Z6: 44562 | AH6: 44958 | AP6: 44986 | AX6: 45017 | BF6: 45047 | BN6: 45078 | BV6: 45108 | CD6: 45139 | CL6: 45170
B7: Produits ménagers | J7: Produits ménagers | R7: Produits ménagers | Z7: Produits ménagers | AH7: Produits ménagers | AP7: Produits ménagers | AX7: Produits ménagers | BF7: Produits ménagers | BN7: Produits ménagers | BV7: Produits ménagers | CD7: Produits ménagers | CL7: Produits ménagers
B9: Tasses simples | J9: Tasses simples | R9: Tasses simples | Z9: Tasses simples | AH9: Tasses simples | AP9: Tasses simples | AX9: Tasses simples | BF9: Tasses simples | BN9: Tasses simples | BV9: Tasses simples | CD9: Tasses simples | CL9: Tasses simples
E10: Rentree | F10: Sortie | G10: Direction | H10: Balance | M10: Rentree | N10: Sortie | O10: Direction | P10: Balance | U10: Rentree | V10: Sortie | W10: Direction | X10: Balance | AC10: Rentree | AD10: Sortie | AE10: Direction | AF10: Balance | AK10: Rentree | AL10: Sortie | AM10: Direction | AN10: Balance | AS10: Rentree | AT10: Sortie | AU10: Direction | AV10: Balance | BA10: Rentree | BB10: Sortie | BC10: Direction | BD10: Balance | BI10: Rentree | BJ10: Sortie | BK10: Direction | BL10: Balance | BQ10: Rentree | BR10: Sortie | BS10: Direction | BT10: Balance | BY10: Rentree | BZ10: Sortie | CA10: Direction | CB10: Balance | CG10: Rentree | CH10: Sortie | CI10: Direction | CJ10: Balance | CO10: Rentree | CP10: Sortie | CQ10: Direction | CR10: Balance
B11: Balance 30 Sept.22 | E11: Unités | F11: Unités | H11: 10 | J11: Balance 31 Oct. 22 | M11: Unités | N11: Unités | P11: 10 | R11: Balance 30 Nov. 22 | U11: Unités | V11: Unités | X11: 10 | Z11: Balance 31 Déc. 22 | AC11: Unités | AD11: Unités | AF11: 10 | AH11: Balance 31 Jan. 23 | AK11: Unités | AL11: Unités | AN11: 10 | AP11: Balance 28 Fév. 23 | AS11: Unités | AT11: Unités | AV11: 10 | AX11: Balance 31 Mars. 23 | BA11: Unités | BB11: Unités | BD11: 10 | BF11: Balance 30 Avril. 23 | BI11: Unités | BJ11: Unités | BL11: 10 | BN11: Balance 31 Mai. 23 | BQ11: Unités | BR11: Unités | BT11: 10 | BV11: Balance 30 Juin. 23 | BY11: Unités | BZ11: Unités | CB11: 10 | CD11: Balance 31 Juil. 23 | CG11: Unités | CH11: Unités | CJ11: 10 | CL11: Balance 31 Août. 23 | CO11: Unités | CP11: Unités | CR11: 10
H12: =SUM(H11+E12-F12) -> 10 | P12: =SUM(P11+M12-N12) -> 10 | X12: =SUM(X11+U12-V12) -> 10 | AF12: =SUM(AF11+AC12-AD12) -> 10 | AN12: =SUM(AN11+AK12-AL12) -> 10 | AV12: =SUM(AV11+AS12-AT12) -> 10 | BD12: =SUM(BD11+BA12-BB12) -> 10 | BL12: =SUM(BL11+BI12-BJ12) -> 10 | BT12: =SUM(BT11+BQ12-BR12) -> 10 | CB12: =SUM(CB11+BY12-BZ12) -> 10 | CJ12: =SUM(CJ11+CG12-CH12) -> 10 | CR12: =SUM(CR11+CO12-CP12) -> 10
H13: =SUM(H12+E13-F13) -> 10 | P13: =SUM(P12+M13-N13) -> 10 | X13: =SUM(X12+U13-V13) -> 10 | AF13: =SUM(AF12+AC13-AD13) -> 10 | AN13: =SUM(AN12+AK13-AL13) -> 10 | AV13: =SUM(AV12+AS13-AT13) -> 10 | BD13: =SUM(BD12+BA13-BB13) -> 10 | BL13: =SUM(BL12+BI13-BJ13) -> 10 | BT13: =SUM(BT12+BQ13-BR13) -> 10 | CB13: =SUM(CB12+BY13-BZ13) -> 10 | CJ13: =SUM(CJ12+CG13-CH13) -> 10 | CR13: =SUM(CR12+CO13-CP13) -> 10
H14: =SUM(H13+E14-F14) -> 10 | P14: =SUM(P13+M14-N14) -> 10 | X14: =SUM(X13+U14-V14) -> 10 | AF14: =SUM(AF13+AC14-AD14) -> 10 | AN14: =SUM(AN13+AK14-AL14) -> 10 | AV14: =SUM(AV13+AS14-AT14) -> 10 | BD14: =SUM(BD13+BA14-BB14) -> 10 | BL14: =SUM(BL13+BI14-BJ14) -> 10 | BT14: =SUM(BT13+BQ14-BR14) -> 10 | CB14: =SUM(CB13+BY14-BZ14) -> 10 | CJ14: =SUM(CJ13+CG14-CH14) -> 10 | CR14: =SUM(CR13+CO14-CP14) -> 10
H15: =SUM(H14+E15-F15) -> 10 | P15: =SUM(P14+M15-N15) -> 10 | X15: =SUM(X14+U15-V15) -> 10 | AF15: =SUM(AF14+AC15-AD15) -> 10 | AN15: =SUM(AN14+AK15-AL15) -> 10 | AV15: =SUM(AV14+AS15-AT15) -> 10 | BD15: =SUM(BD14+BA15-BB15) -> 10 | BL15: =SUM(BL14+BI15-BJ15) -> 10 | BT15: =SUM(BT14+BQ15-BR15) -> 10 | CB15: =SUM(CB14+BY15-BZ15) -> 10 | CJ15: =SUM(CJ14+CG15-CH15) -> 10 | CR15: =SUM(CR14+CO15-CP15) -> 10
H16: =SUM(H15+E16-F16) -> 10 | P16: =SUM(P15+M16-N16) -> 10 | X16: =SUM(X15+U16-V16) -> 10 | AF16: =SUM(AF15+AC16-AD16) -> 10 | AN16: =SUM(AN15+AK16-AL16) -> 10 | AV16: =SUM(AV15+AS16-AT16) -> 10 | BD16: =SUM(BD15+BA16-BB16) -> 10 | BL16: =SUM(BL15+BI16-BJ16) -> 10 | BT16: =SUM(BT15+BQ16-BR16) -> 10 | CB16: =SUM(CB15+BY16-BZ16) -> 10 | CJ16: =SUM(CJ15+CG16-CH16) -> 10 | CR16: =SUM(CR15+CO16-CP16) -> 10
H17: =SUM(H16+E17-F17) -> 10 | P17: =SUM(P16+M17-N17) -> 10 | X17: =SUM(X16+U17-V17) -> 10 | AF17: =SUM(AF16+AC17-AD17) -> 10 | AN17: =SUM(AN16+AK17-AL17) -> 10 | AV17: =SUM(AV16+AS17-AT17) -> 10 | BD17: =SUM(BD16+BA17-BB17) -> 10 | BL17: =SUM(BL16+BI17-BJ17) -> 10 | BT17: =SUM(BT16+BQ17-BR17) -> 10 | CB17: =SUM(CB16+BY17-BZ17) -> 10 | CJ17: =SUM(CJ16+CG17-CH17) -> 10 | CR17: =SUM(CR16+CO17-CP17) -> 10
B18: Tasses à café | J18: Tasses à café | R18: Tasses à café | Z18: Tasses à café | AH18: Tasses à café | AP18: Tasses à café | AX18: Tasses à café | BF18: Tasses à café | BN18: Tasses à café | BV18: Tasses à café | CD18: Tasses à café | CL18: Tasses à café
E19: Rentree | F19: Sortie | G19: Direction | H19: Balance | M19: Rentree | N19: Sortie | O19: Direction | P19: Balance | U19: Rentree | V19: Sortie | W19: Direction | X19: Balance | AC19: Rentree | AD19: Sortie | AE19: Direction | AF19: Balance | AK19: Rentree | AL19: Sortie | AM19: Direction | AN19: Balance | AS19: Rentree | AT19: Sortie | AU19: Direction | AV19: Balance | BA19: Rentree | BB19: Sortie | BC19: Direction | BD19: Balance | BI19: Rentree | BJ19: Sortie | BK19: Direction | BL19: Balance | BQ19: Rentree | BR19: Sortie | BS19: Direction | BT19: Balance | BY19: Rentree | BZ19: Sortie | CA19: Direction | CB19: Balance | CG19: Rentree | CH19: Sortie | CI19: Direction | CJ19: Balance | CO19: Rentree | CP19: Sortie | CQ19: Direction | CR19: Balance
B20: Balance 30 Sept.22 | E20: Unités | F20: Unités | H20: 12 | J20: Balance 31 Oct. 22 | M20: Unités | N20: Unités | P20: 12 | R20: Balance 30 Nov. 22 | U20: Unités | V20: Unités | X20: 12 | Z20: Balance 31 Déc. 22 | AC20: Unités | AD20: Unités | AF20: 12 | AH20: Balance 31 Jan. 23 | AK20: Unités | AL20: Unités | AN20: 12 | AP20: Balance 28 Fév. 23 | AS20: Unités | AT20: Unités | AV20: 12 | AX20: Balance 31 Mars. 23 | BA20: Unités | BB20: Unités | BD20: 12 | BF20: Balance 30 Avril. 23 | BI20: Unités | BJ20: Unités | BL20: 12 | BN20: Balance 31 Mai. 23 | BQ20: Unités | BR20: Unités | BT20: 12 | BV20: Balance 30 Juin. 23 | BY20: Unités | BZ20: Unités | CB20: 12 | CD20: Balance 31 Juil. 23 | CG20: Unités | CH20: Unités | CJ20: 12 | CL20: Balance 31 Août. 23 | CO20: Unités | CP20: Unités | CR20: 12
H21: =SUM(H20+E21-F21) -> 12 | P21: =SUM(P20+M21-N21) -> 12 | X21: =SUM(X20+U21-V21) -> 12 | AF21: =SUM(AF20+AC21-AD21) -> 12 | AN21: =SUM(AN20+AK21-AL21) -> 12 | AV21: =SUM(AV20+AS21-AT21) -> 12 | BD21: =SUM(BD20+BA21-BB21) -> 12 | BL21: =SUM(BL20+BI21-BJ21) -> 12 | BT21: =SUM(BT20+BQ21-BR21) -> 12 | CB21: =SUM(CB20+BY21-BZ21) -> 12 | CJ21: =SUM(CJ20+CG21-CH21) -> 12 | CR21: =SUM(CR20+CO21-CP21) -> 12
H22: =SUM(H21+E22-F22) -> 12 | P22: =SUM(P21+M22-N22) -> 12 | X22: =SUM(X21+U22-V22) -> 12 | AF22: =SUM(AF21+AC22-AD22) -> 12 | AN22: =SUM(AN21+AK22-AL22) -> 12 | AV22: =SUM(AV21+AS22-AT22) -> 12 | BD22: =SUM(BD21+BA22-BB22) -> 12 | BL22: =SUM(BL21+BI22-BJ22) -> 12 | BT22: =SUM(BT21+BQ22-BR22) -> 12 | CB22: =SUM(CB21+BY22-BZ22) -> 12 | CJ22: =SUM(CJ21+CG22-CH22) -> 12 | CR22: =SUM(CR21+CO22-CP22) -> 12
H23: =SUM(H22+E23-F23) -> 12 | P23: =SUM(P22+M23-N23) -> 12 | X23: =SUM(X22+U23-V23) -> 12 | AF23: =SUM(AF22+AC23-AD23) -> 12 | AN23: =SUM(AN22+AK23-AL23) -> 12 | AV23: =SUM(AV22+AS23-AT23) -> 12 | BD23: =SUM(BD22+BA23-BB23) -> 12 | BL23: =SUM(BL22+BI23-BJ23) -> 12 | BT23: =SUM(BT22+BQ23-BR23) -> 12 | CB23: =SUM(CB22+BY23-BZ23) -> 12 | CJ23: =SUM(CJ22+CG23-CH23) -> 12 | CR23: =SUM(CR22+CO23-CP23) -> 12
H24: =SUM(H23+E24-F24) -> 12 | P24: =SUM(P23+M24-N24) -> 12 | X24: =SUM(X23+U24-V24) -> 12 | AF24: =SUM(AF23+AC24-AD24) -> 12 | AN24: =SUM(AN23+AK24-AL24) -> 12 | AV24: =SUM(AV23+AS24-AT24) -> 12 | BD24: =SUM(BD23+BA24-BB24) -> 12 | BL24: =SUM(BL23+BI24-BJ24) -> 12 | BT24: =SUM(BT23+BQ24-BR24) -> 12 | CB24: =SUM(CB23+BY24-BZ24) -> 12 | CJ24: =SUM(CJ23+CG24-CH24) -> 12 | CR24: =SUM(CR23+CO24-CP24) -> 12
H25: =SUM(H24+E25-F25) -> 12 | P25: =SUM(P24+M25-N25) -> 12 | X25: =SUM(X24+U25-V25) -> 12 | AF25: =SUM(AF24+AC25-AD25) -> 12 | AN25: =SUM(AN24+AK25-AL25) -> 12 | AV25: =SUM(AV24+AS25-AT25) -> 12 | BD25: =SUM(BD24+BA25-BB25) -> 12 | BL25: =SUM(BL24+BI25-BJ25) -> 12 | BT25: =SUM(BT24+BQ25-BR25) -> 12 | CB25: =SUM(CB24+BY25-BZ25) -> 12 | CJ25: =SUM(CJ24+CG25-CH25) -> 12 | CR25: =SUM(CR24+CO25-CP25) -> 12
H26: =SUM(H25+E26-F26) -> 12 | P26: =SUM(P25+M26-N26) -> 12 | X26: =SUM(X25+U26-V26) -> 12 | AF26: =SUM(AF25+AC26-AD26) -> 12 | AN26: =SUM(AN25+AK26-AL26) -> 12 | AV26: =SUM(AV25+AS26-AT26) -> 12 | BD26: =SUM(BD25+BA26-BB26) -> 12 | BL26: =SUM(BL25+BI26-BJ26) -> 12 | BT26: =SUM(BT25+BQ26-BR26) -> 12 | CB26: =SUM(CB25+BY26-BZ26) -> 12 | CJ26: =SUM(CJ25+CG26-CH26) -> 12 | CR26: =SUM(CR25+CO26-CP26) -> 12
B27: Tasses à thé | J27: Tasses à thé | R27: Tasses à thé | Z27: Tasses à thé | AH27: Tasses à thé | AP27: Tasses à thé | AX27: Tasses à thé | BF27: Tasses à thé | BN27: Tasses à thé | BV27: Tasses à thé | CD27: Tasses à thé | CL27: Tasses à thé
E28: Rentree | F28: Sortie | G28: Direction | H28: Balance | M28: Rentree | N28: Sortie | O28: Direction | P28: Balance | U28: Rentree | V28: Sortie | W28: Direction | X28: Balance | AC28: Rentree | AD28: Sortie | AE28: Direction | AF28: Balance | AK28: Rentree | AL28: Sortie | AM28: Direction | AN28: Balance | AS28: Rentree | AT28: Sortie | AU28: Direction | AV28: Balance | BA28: Rentree | BB28: Sortie | BC28: Direction | BD28: Balance | BI28: Rentree | BJ28: Sortie | BK28: Direction | BL28: Balance | BQ28: Rentree | BR28: Sortie | BS28: Direction | BT28: Balance | BY28: Rentree | BZ28: Sortie | CA28: Direction | CB28: Balance | CG28: Rentree | CH28: Sortie | CI28: Direction | CJ28: Balance | CO28: Rentree | CP28: Sortie | CQ28: Direction | CR28: Balance
B29: Balance 30 Sept.22 | E29: Unités | F29: Unités | H29: 12 | J29: Balance 31 Oct. 22 | M29: Unités | N29: Unités | P29: 12 | R29: Balance 30 Nov. 22 | U29: Unités | V29: Unités | X29: 12 | Z29: Balance 31 Déc. 22 | AC29: Unités | AD29: Unités | AF29: 12 | AH29: Balance 31 Jan. 23 | AK29: Unités | AL29: Unités | AN29: 12 | AP29: Balance 28 Fév. 23 | AS29: Unités | AT29: Unités | AV29: 12 | AX29: Balance 31 Mars. 23 | BA29: Unités | BB29: Unités | BD29: 12 | BF29: Balance 30 Avril. 23 | BI29: Unités | BJ29: Unités | BL29: 12 | BN29: Balance 31 Mai. 23 | BQ29: Unités | BR29: Unités | BT29: 12 | BV29: Balance 30 Juin. 23 | BY29: Unités | BZ29: Unités | CB29: 12 | CD29: Balance 31 Juil. 23 | CG29: Unités | CH29: Unités | CJ29: 12 | CL29: Balance 31 Août. 23 | CO29: Unités | CP29: Unités | CR29: 12
H30: =SUM(H29+E30-F30) -> 12 | P30: =SUM(P29+M30-N30) -> 12 | X30: =SUM(X29+U30-V30) -> 12 | AF30: =SUM(AF29+AC30-AD30) -> 12 | AN30: =SUM(AN29+AK30-AL30) -> 12 | AV30: =SUM(AV29+AS30-AT30) -> 12 | BD30: =SUM(BD29+BA30-BB30) -> 12 | BL30: =SUM(BL29+BI30-BJ30) -> 12 | BT30: =SUM(BT29+BQ30-BR30) -> 12 | CB30: =SUM(CB29+BY30-BZ30) -> 12 | CJ30: =SUM(CJ29+CG30-CH30) -> 12 | CR30: =SUM(CR29+CO30-CP30) -> 12
H31: =SUM(H30+E31-F31) -> 12 | P31: =SUM(P30+M31-N31) -> 12 | X31: =SUM(X30+U31-V31) -> 12 | AF31: =SUM(AF30+AC31-AD31) -> 12 | AN31: =SUM(AN30+AK31-AL31) -> 12 | AV31: =SUM(AV30+AS31-AT31) -> 12 | BD31: =SUM(BD30+BA31-BB31) -> 12 | BL31: =SUM(BL30+BI31-BJ31) -> 12 | BT31: =SUM(BT30+BQ31-BR31) -> 12 | CB31: =SUM(CB30+BY31-BZ31) -> 12 | CJ31: =SUM(CJ30+CG31-CH31) -> 12 | CR31: =SUM(CR30+CO31-CP31) -> 12
H32: =SUM(H31+E32-F32) -> 12 | P32: =SUM(P31+M32-N32) -> 12 | X32: =SUM(X31+U32-V32) -> 12 | AF32: =SUM(AF31+AC32-AD32) -> 12 | AN32: =SUM(AN31+AK32-AL32) -> 12 | AV32: =SUM(AV31+AS32-AT32) -> 12 | BD32: =SUM(BD31+BA32-BB32) -> 12 | BL32: =SUM(BL31+BI32-BJ32) -> 12 | BT32: =SUM(BT31+BQ32-BR32) -> 12 | CB32: =SUM(CB31+BY32-BZ32) -> 12 | CJ32: =SUM(CJ31+CG32-CH32) -> 12 | CR32: =SUM(CR31+CO32-CP32) -> 12
H33: =SUM(H32+E33-F33) -> 12 | P33: =SUM(P32+M33-N33) -> 12 | X33: =SUM(X32+U33-V33) -> 12 | AF33: =SUM(AF32+AC33-AD33) -> 12 | AN33: =SUM(AN32+AK33-AL33) -> 12 | AV33: =SUM(AV32+AS33-AT33) -> 12 | BD33: =SUM(BD32+BA33-BB33) -> 12 | BL33: =SUM(BL32+BI33-BJ33) -> 12 | BT33: =SUM(BT32+BQ33-BR33) -> 12 | CB33: =SUM(CB32+BY33-BZ33) -> 12 | CJ33: =SUM(CJ32+CG33-CH33) -> 12 | CR33: =SUM(CR32+CO33-CP33) -> 12
H34: =SUM(H33+E34-F34) -> 12 | P34: =SUM(P33+M34-N34) -> 12 | X34: =SUM(X33+U34-V34) -> 12 | AF34: =SUM(AF33+AC34-AD34) -> 12 | AN34: =SUM(AN33+AK34-AL34) -> 12 | AV34: =SUM(AV33+AS34-AT34) -> 12 | BD34: =SUM(BD33+BA34-BB34) -> 12 | BL34: =SUM(BL33+BI34-BJ34) -> 12 | BT34: =SUM(BT33+BQ34-BR34) -> 12 | CB34: =SUM(CB33+BY34-BZ34) -> 12 | CJ34: =SUM(CJ33+CG34-CH34) -> 12 | CR34: =SUM(CR33+CO34-CP34) -> 12
H35: =SUM(H34+E35-F35) -> 12 | P35: =SUM(P34+M35-N35) -> 12 | X35: =SUM(X34+U35-V35) -> 12 | AF35: =SUM(AF34+AC35-AD35) -> 12 | AN35: =SUM(AN34+AK35-AL35) -> 12 | AV35: =SUM(AV34+AS35-AT35) -> 12 | BD35: =SUM(BD34+BA35-BB35) -> 12 | BL35: =SUM(BL34+BI35-BJ35) -> 12 | BT35: =SUM(BT34+BQ35-BR35) -> 12 | CB35: =SUM(CB34+BY35-BZ35) -> 12 | CJ35: =SUM(CJ34+CG35-CH35) -> 12 | CR35: =SUM(CR34+CO35-CP35) -> 12
H36: =SUM(H35+E36-F36) -> 12 | P36: =SUM(P35+M36-N36) -> 12 | X36: =SUM(X35+U36-V36) -> 12 | AF36: =SUM(AF35+AC36-AD36) -> 12 | AN36: =SUM(AN35+AK36-AL36) -> 12 | AV36: =SUM(AV35+AS36-AT36) -> 12 | BD36: =SUM(BD35+BA36-BB36) -> 12 | BL36: =SUM(BL35+BI36-BJ36) -> 12 | BT36: =SUM(BT35+BQ36-BR36) -> 12 | CB36: =SUM(CB35+BY36-BZ36) -> 12 | CJ36: =SUM(CJ35+CG36-CH36) -> 12 | CR36: =SUM(CR35+CO36-CP36) -> 12
H37: =SUM(H36+E37-F37) -> 12 | P37: =SUM(P36+M37-N37) -> 12 | X37: =SUM(X36+U37-V37) -> 12 | AF37: =SUM(AF36+AC37-AD37) -> 12 | AN37: =SUM(AN36+AK37-AL37) -> 12 | AV37: =SUM(AV36+AS37-AT37) -> 12 | BD37: =SUM(BD36+BA37-BB37) -> 12 | BL37: =SUM(BL36+BI37-BJ37) -> 12 | BT37: =SUM(BT36+BQ37-BR37) -> 12 | CB37: =SUM(CB36+BY37-BZ37) -> 12 | CJ37: =SUM(CJ36+CG37-CH37) -> 12 | CR37: =SUM(CR36+CO37-CP37) -> 12
H38: =SUM(H37+E38-F38) -> 12 | P38: =SUM(P37+M38-N38) -> 12 | X38: =SUM(X37+U38-V38) -> 12 | AF38: =SUM(AF37+AC38-AD38) -> 12 | AN38: =SUM(AN37+AK38-AL38) -> 12 | AV38: =SUM(AV37+AS38-AT38) -> 12 | BD38: =SUM(BD37+BA38-BB38) -> 12 | BL38: =SUM(BL37+BI38-BJ38) -> 12 | BT38: =SUM(BT37+BQ38-BR38) -> 12 | CB38: =SUM(CB37+BY38-BZ38) -> 12 | CJ38: =SUM(CJ37+CG38-CH38) -> 12 | CR38: =SUM(CR37+CO38-CP38) -> 12
B39: Verres (simples) | J39: Verres (simples) | R39: Verres (simples) | Z39: Verres (simples) | AH39: Verres (simples) | AP39: Verres (simples) | AX39: Verres (simples) | BF39: Verres (simples) | BN39: Verres (simples) | BV39: Verres (simples) | CD39: Verres (simples) | CL39: Verres (simples)
E40: Rentree | F40: Sortie | G40: Direction | H40: Balance | M40: Rentree | N40: Sortie | O40: Direction | P40: Balance | U40: Rentree | V40: Sortie | W40: Direction | X40: Balance | AC40: Rentree | AD40: Sortie | AE40: Direction | AF40: Balance | AK40: Rentree | AL40: Sortie | AM40: Direction | AN40: Balance | AS40: Rentree | AT40: Sortie | AU40: Direction | AV40: Balance | BA40: Rentree | BB40: Sortie | BC40: Direction | BD40: Balance | BI40: Rentree | BJ40: Sortie | BK40: Direction | BL40: Balance | BQ40: Rentree | BR40: Sortie | BS40: Direction | BT40: Balance | BY40: Rentree | BZ40: Sortie | CA40: Direction | CB40: Balance | CG40: Rentree | CH40: Sortie | CI40: Direction | CJ40: Balance | CO40: Rentree | CP40: Sortie | CQ40: Direction | CR40: Balance
B41: Balance 30 Sept.22 | E41: Unités | F41: Unités | H41: 6 | J41: Balance 31 Oct. 22 | M41: Unités | N41: Unités | P41: 6 | R41: Balance 30 Nov. 22 | U41: Unités | V41: Unités | X41: 6 | Z41: Balance 31 Déc. 22 | AC41: Unités | AD41: Unités | AF41: 6 | AH41: Balance 31 Jan. 23 | AK41: Unités | AL41: Unités | AN41: 6 | AP41: Balance 28 Fév. 23 | AS41: Unités | AT41: Unités | AV41: 6 | AX41: Balance 31 Mars. 23 | BA41: Unités | BB41: Unités | BD41: 6 | BF41: Balance 30 Avril. 23 | BI41: Unités | BJ41: Unités | BL41: 6 | BN41: Balance 31 Mai. 23 | BQ41: Unités | BR41: Unités | BT41: 6 | BV41: Balance 30 Juin. 23 | BY41: Unités | BZ41: Unités | CB41: 6 | CD41: Balance 31 Juil. 23 | CG41: Unités | CH41: Unités | CJ41: 6 | CL41: Balance 31 Août. 23 | CO41: Unités | CP41: Unités | CR41: 6
H42: =SUM(H41+E42-F42) -> 6 | P42: =SUM(P41+M42-N42) -> 6 | X42: =SUM(X41+U42-V42) -> 6 | AF42: =SUM(AF41+AC42-AD42) -> 6 | AN42: =SUM(AN41+AK42-AL42) -> 6 | AV42: =SUM(AV41+AS42-AT42) -> 6 | BD42: =SUM(BD41+BA42-BB42) -> 6 | BL42: =SUM(BL41+BI42-BJ42) -> 6 | BT42: =SUM(BT41+BQ42-BR42) -> 6 | CB42: =SUM(CB41+BY42-BZ42) -> 6 | CJ42: =SUM(CJ41+CG42-CH42) -> 6 | CR42: =SUM(CR41+CO42-CP42) -> 6
H43: =SUM(H42+E43-F43) -> 6 | P43: =SUM(P42+M43-N43) -> 6 | X43: =SUM(X42+U43-V43) -> 6 | AF43: =SUM(AF42+AC43-AD43) -> 6 | AN43: =SUM(AN42+AK43-AL43) -> 6 | AV43: =SUM(AV42+AS43-AT43) -> 6 | BD43: =SUM(BD42+BA43-BB43) -> 6 | BL43: =SUM(BL42+BI43-BJ43) -> 6 | BT43: =SUM(BT42+BQ43-BR43) -> 6 | CB43: =SUM(CB42+BY43-BZ43) -> 6 | CJ43: =SUM(CJ42+CG43-CH43) -> 6 | CR43: =SUM(CR42+CO43-CP43) -> 6
H44: =SUM(H43+E44-F44) -> 6 | P44: =SUM(P43+M44-N44) -> 6 | X44: =SUM(X43+U44-V44) -> 6 | AF44: =SUM(AF43+AC44-AD44) -> 6 | AN44: =SUM(AN43+AK44-AL44) -> 6 | AV44: =SUM(AV43+AS44-AT44) -> 6 | BD44: =SUM(BD43+BA44-BB44) -> 6 | BL44: =SUM(BL43+BI44-BJ44) -> 6 | BT44: =SUM(BT43+BQ44-BR44) -> 6 | CB44: =SUM(CB43+BY44-BZ44) -> 6 | CJ44: =SUM(CJ43+CG44-CH44) -> 6 | CR44: =SUM(CR43+CO44-CP44) -> 6
H45: =SUM(H44+E45-F45) -> 6 | P45: =SUM(P44+M45-N45) -> 6 | X45: =SUM(X44+U45-V45) -> 6 | AF45: =SUM(AF44+AC45-AD45) -> 6 | AN45: =SUM(AN44+AK45-AL45) -> 6 | AV45: =SUM(AV44+AS45-AT45) -> 6 | BD45: =SUM(BD44+BA45-BB45) -> 6 | BL45: =SUM(BL44+BI45-BJ45) -> 6 | BT45: =SUM(BT44+BQ45-BR45) -> 6 | CB45: =SUM(CB44+BY45-BZ45) -> 6 | CJ45: =SUM(CJ44+CG45-CH45) -> 6 | CR45: =SUM(CR44+CO45-CP45) -> 6
H46: =SUM(H45+E46-F46) -> 6 | P46: =SUM(P45+M46-N46) -> 6 | X46: =SUM(X45+U46-V46) -> 6 | AF46: =SUM(AF45+AC46-AD46) -> 6 | AN46: =SUM(AN45+AK46-AL46) -> 6 | AV46: =SUM(AV45+AS46-AT46) -> 6 | BD46: =SUM(BD45+BA46-BB46) -> 6 | BL46: =SUM(BL45+BI46-BJ46) -> 6 | BT46: =SUM(BT45+BQ46-BR46) -> 6 | CB46: =SUM(CB45+BY46-BZ46) -> 6 | CJ46: =SUM(CJ45+CG46-CH46) -> 6 | CR46: =SUM(CR45+CO46-CP46) -> 6
H47: =SUM(H46+E47-F47) -> 6 | P47: =SUM(P46+M47-N47) -> 6 | X47: =SUM(X46+U47-V47) -> 6 | AF47: =SUM(AF46+AC47-AD47) -> 6 | AN47: =SUM(AN46+AK47-AL47) -> 6 | AV47: =SUM(AV46+AS47-AT47) -> 6 | BD47: =SUM(BD46+BA47-BB47) -> 6 | BL47: =SUM(BL46+BI47-BJ47) -> 6 | BT47: =SUM(BT46+BQ47-BR47) -> 6 | CB47: =SUM(CB46+BY47-BZ47) -> 6 | CJ47: =SUM(CJ46+CG47-CH47) -> 6 | CR47: =SUM(CR46+CO47-CP47) -> 6
B48: Verres (champagne) | J48: Verres (champagne) | R48: Verres (champagne) | Z48: Verres (champagne) | AH48: Verres (champagne) | AP48: Verres (champagne) | AX48: Verres (champagne) | BF48: Verres (champagne) | BN48: Verres (champagne) | BV48: Verres (champagne) | CD48: Verres (champagne) | CL48: Verres (champagne)
E49: Rentree | F49: Sortie | G49: Direction | H49: Balance | M49: Rentree | N49: Sortie | O49: Direction | P49: Balance | U49: Rentree | V49: Sortie | W49: Direction | X49: Balance | AC49: Rentree | AD49: Sortie | AE49: Direction | AF49: Balance | AK49: Rentree | AL49: Sortie | AM49: Direction | AN49: Balance | AS49: Rentree | AT49: Sortie | AU49: Direction | AV49: Balance | BA49: Rentree | BB49: Sortie | BC49: Direction | BD49: Balance | BI49: Rentree | BJ49: Sortie | BK49: Direction | BL49: Balance | BQ49: Rentree | BR49: Sortie | BS49: Direction | BT49: Balance | BY49: Rentree | BZ49: Sortie | CA49: Direction | CB49: Balance | CG49: Rentree | CH49: Sortie | CI49: Direction | CJ49: Balance | CO49: Rentree | CP49: Sortie | CQ49: Direction | CR49: Balance
B50: Balance 30 Sept.22 | E50: Unités | F50: Unités | H50: 24 | J50: Balance 31 Oct. 22 | M50: Unités | N50: Unités | P50: 24 | R50: Balance 30 Nov. 22 | U50: Unités | V50: Unités | X50: 24 | Z50: Balance 31 Déc. 22 | AC50: Unités | AD50: Unités | AF50: 24 | AH50: Balance 31 Jan. 23 | AK50: Unités | AL50: Unités | AN50: 24 | AP50: Balance 28 Fév. 23 | AS50: Unités | AT50: Unités | AV50: 24 | AX50: Balance 31 Mars. 23 | BA50: Unités | BB50: Unités | BD50: 24 | BF50: Balance 30 Avril. 23 | BI50: Unités | BJ50: Unités | BL50: 24 | BN50: Balance 31 Mai. 23 | BQ50: Unités | BR50: Unités | BT50: 24 | BV50: Balance 30 Juin. 23 | BY50: Unités | BZ50: Unités | CB50: 24 | CD50: Balance 31 Juil. 23 | CG50: Unités | CH50: Unités | CJ50: 24 | CL50: Balance 31 Août. 23 | CO50: Unités | CP50: Unités | CR50: 24
H51: =SUM(H50+E51-F51) -> 24 | P51: =SUM(P50+M51-N51) -> 24 | X51: =SUM(X50+U51-V51) -> 24 | AF51: =SUM(AF50+AC51-AD51) -> 24 | AN51: =SUM(AN50+AK51-AL51) -> 24 | AV51: =SUM(AV50+AS51-AT51) -> 24 | BD51: =SUM(BD50+BA51-BB51) -> 24 | BL51: =SUM(BL50+BI51-BJ51) -> 24 | BT51: =SUM(BT50+BQ51-BR51) -> 24 | CB51: =SUM(CB50+BY51-BZ51) -> 24 | CJ51: =SUM(CJ50+CG51-CH51) -> 24 | CR51: =SUM(CR50+CO51-CP51) -> 24
H52: =SUM(H51+E52-F52) -> 24 | P52: =SUM(P51+M52-N52) -> 24 | X52: =SUM(X51+U52-V52) -> 24 | AF52: =SUM(AF51+AC52-AD52) -> 24 | AN52: =SUM(AN51+AK52-AL52) -> 24 | AV52: =SUM(AV51+AS52-AT52) -> 24 | BD52: =SUM(BD51+BA52-BB52) -> 24 | BL52: =SUM(BL51+BI52-BJ52) -> 24 | BT52: =SUM(BT51+BQ52-BR52) -> 24 | CB52: =SUM(CB51+BY52-BZ52) -> 24 | CJ52: =SUM(CJ51+CG52-CH52) -> 24 | CR52: =SUM(CR51+CO52-CP52) -> 24
H53: =SUM(H52+E53-F53) -> 24 | P53: =SUM(P52+M53-N53) -> 24 | X53: =SUM(X52+U53-V53) -> 24 | AF53: =SUM(AF52+AC53-AD53) -> 24 | AN53: =SUM(AN52+AK53-AL53) -> 24 | AV53: =SUM(AV52+AS53-AT53) -> 24 | BD53: =SUM(BD52+BA53-BB53) -> 24 | BL53: =SUM(BL52+BI53-BJ53) -> 24 | BT53: =SUM(BT52+BQ53-BR53) -> 24 | CB53: =SUM(CB52+BY53-BZ53) -> 24 | CJ53: =SUM(CJ52+CG53-CH53) -> 24 | CR53: =SUM(CR52+CO53-CP53) -> 24
H54: =SUM(H53+E54-F54) -> 24 | P54: =SUM(P53+M54-N54) -> 24 | X54: =SUM(X53+U54-V54) -> 24 | AF54: =SUM(AF53+AC54-AD54) -> 24 | AN54: =SUM(AN53+AK54-AL54) -> 24 | AV54: =SUM(AV53+AS54-AT54) -> 24 | BD54: =SUM(BD53+BA54-BB54) -> 24 | BL54: =SUM(BL53+BI54-BJ54) -> 24 | BT54: =SUM(BT53+BQ54-BR54) -> 24 | CB54: =SUM(CB53+BY54-BZ54) -> 24 | CJ54: =SUM(CJ53+CG54-CH54) -> 24 | CR54: =SUM(CR53+CO54-CP54) -> 24
H55: =SUM(H54+E55-F55) -> 24 | P55: =SUM(P54+M55-N55) -> 24 | X55: =SUM(X54+U55-V55) -> 24 | AF55: =SUM(AF54+AC55-AD55) -> 24 | AN55: =SUM(AN54+AK55-AL55) -> 24 | AV55: =SUM(AV54+AS55-AT55) -> 24 | BD55: =SUM(BD54+BA55-BB55) -> 24 | BL55: =SUM(BL54+BI55-BJ55) -> 24 | BT55: =SUM(BT54+BQ55-BR55) -> 24 | CB55: =SUM(CB54+BY55-BZ55) -> 24 | CJ55: =SUM(CJ54+CG55-CH55) -> 24 | CR55: =SUM(CR54+CO55-CP55) -> 24
H56: =SUM(H55+E56-F56) -> 24 | P56: =SUM(P55+M56-N56) -> 24 | X56: =SUM(X55+U56-V56) -> 24 | AF56: =SUM(AF55+AC56-AD56) -> 24 | AN56: =SUM(AN55+AK56-AL56) -> 24 | AV56: =SUM(AV55+AS56-AT56) -> 24 | BD56: =SUM(BD55+BA56-BB56) -> 24 | BL56: =SUM(BL55+BI56-BJ56) -> 24 | BT56: =SUM(BT55+BQ56-BR56) -> 24 | CB56: =SUM(CB55+BY56-BZ56) -> 24 | CJ56: =SUM(CJ55+CG56-CH56) -> 24 | CR56: =SUM(CR55+CO56-CP56) -> 24
H57: =SUM(H56+E57-F57) -> 24 | P57: =SUM(P56+M57-N57) -> 24 | X57: =SUM(X56+U57-V57) -> 24 | AF57: =SUM(AF56+AC57-AD57) -> 24 | AN57: =SUM(AN56+AK57-AL57) -> 24 | AV57: =SUM(AV56+AS57-AT57) -> 24 | BD57: =SUM(BD56+BA57-BB57) -> 24 | BL57: =SUM(BL56+BI57-BJ57) -> 24 | BT57: =SUM(BT56+BQ57-BR57) -> 24 | CB57: =SUM(CB56+BY57-BZ57) -> 24 | CJ57: =SUM(CJ56+CG57-CH57) -> 24 | CR57: =SUM(CR56+CO57-CP57) -> 24
H58: =SUM(H57+E58-F58) -> 24 | P58: =SUM(P57+M58-N58) -> 24 | X58: =SUM(X57+U58-V58) -> 24 | AF58: =SUM(AF57+AC58-AD58) -> 24 | AN58: =SUM(AN57+AK58-AL58) -> 24 | AV58: =SUM(AV57+AS58-AT58) -> 24 | BD58: =SUM(BD57+BA58-BB58) -> 24 | BL58: =SUM(BL57+BI58-BJ58) -> 24 | BT58: =SUM(BT57+BQ58-BR58) -> 24 | CB58: =SUM(CB57+BY58-BZ58) -> 24 | CJ58: =SUM(CJ57+CG58-CH58) -> 24 | CR58: =SUM(CR57+CO58-CP58) -> 24
H59: =SUM(H58+E59-F59) -> 24 | P59: =SUM(P58+M59-N59) -> 24 | X59: =SUM(X58+U59-V59) -> 24 | AF59: =SUM(AF58+AC59-AD59) -> 24 | AN59: =SUM(AN58+AK59-AL59) -> 24 | AV59: =SUM(AV58+AS59-AT59) -> 24 | BD59: =SUM(BD58+BA59-BB59) -> 24 | BL59: =SUM(BL58+BI59-BJ59) -> 24 | BT59: =SUM(BT58+BQ59-BR59) -> 24 | CB59: =SUM(CB58+BY59-BZ59) -> 24 | CJ59: =SUM(CJ58+CG59-CH59) -> 24 | CR59: =SUM(CR58+CO59-CP59) -> 24
J60: Verres (vin)
M61: Rentree | N61: Sortie | O61: Direction | P61: Balance
J62: Balance 31 Oct. 22 | M62: Unités | N62: Unités | P62: 24
P63: =SUM(P62+M63-N63) -> 24
P64: =SUM(P63+M64-N64) -> 24
P65: =SUM(P64+M65-N65) -> 24
P66: =SUM(P65+M66-N66) -> 24
P67: =SUM(P66+M67-N67) -> 24
P68: =SUM(P67+M68-N68) -> 24
P69: =SUM(P68+M69-N69) -> 24
P70: =SUM(P69+M70-N70) -> 24
P71: =SUM(P70+M71-N71) -> 24
P72: =SUM(P71+M72-N72) -> 24
P73: =SUM(P72+M73-N73) -> 24
P74: =SUM(P73+M74-N74) -> 24
... P77: =SUM(P76+M77-N77) -> 24
B78: Verres (wisky) | J78: Verres (wisky) | R78: Verres (wisky) | Z78: Verres (wisky) | AH78: Verres (wisky) | AP78: Verres (wisky) | AX78: Verres (wisky) | BF78: Verres (wisky) | BN78: Verres (wisky) | BV78: Verres (wisky) | CD78: Verres (wisky) | CL78: Verres (wisky)
E79: Rentree | F79: Sortie | G79: Direction | H79: Balance | M79: Rentree | N79: Sortie | O79: Direction | P79: Balance | U79: Rentree | V79: Sortie | W79: Direction | X79: Balance | AC79: Rentree | AD79: Sortie | AE79: Direction | AF79: Balance | AK79: Rentree | AL79: Sortie | AM79: Direction | AN79: Balance | AS79: Rentree | AT79: Sortie | AU79: Direction | AV79: Balance | BA79: Rentree | BB79: Sortie | BC79: Direction | BD79: Balance | BI79: Rentree | BJ79: Sortie | BK79: Direction | BL79: Balance | BQ79: Rentree | BR79: Sortie | BS79: Direction | BT79: Balance | BY79: Rentree | BZ79: Sortie | CA79: Direction | CB79: Balance | CG79: Rentree | CH79: Sortie | CI79: Direction | CJ79: Balance | CO79: Rentree | CP79: Sortie | CQ79: Direction | CR79: Balance
B80: Balance 30 Sept.22 | E80: Unités | F80: Unités | H80: 12 | J80: Balance 31 Oct. 22 | M80: Unités | N80: Unités | P80: 12 | R80: Balance 30 Nov. 22 | U80: Unités | V80: Unités | X80: 12 | Z80: Balance 31 Déc. 22 | AC80: Unités | AD80: Unités | AF80: 12 | AH80: Balance 31 Jan. 23 | AK80: Unités | AL80: Unités | AN80: 12 | AP80: Balance 28 Fév. 23 | AS80: Unités | AT80: Unités | AV80: 12 | AX80: Balance 31 Mars. 23 | BA80: Unités | BB80: Unités | BD80: 12 | BF80: Balance 30 Avril. 23 | BI80: Unités | BJ80: Unités | BL80: 12 | BN80: Balance 31 Mai. 23 | BQ80: Unités | BR80: Unités | BT80: 12 | BV80: Balance 30 Juin. 23 | BY80: Unités | BZ80: Unités | CB80: 12 | CD80: Balance 31 Juil. 23 | CG80: Unités | CH80: Unités | CJ80: 12 | CL80: Balance 31 Août. 23 | CO80: Unités | CP80: Unités | CR80: 12
H81: =SUM(H80+E81-F81) -> 12 | P81: =SUM(P80+M81-N81) -> 12 | X81: =SUM(X80+U81-V81) -> 12 | AF81: =SUM(AF80+AC81-AD81) -> 12 | AN81: =SUM(AN80+AK81-AL81) -> 12 | AV81: =SUM(AV80+AS81-AT81) -> 12 | BD81: =SUM(BD80+BA81-BB81) -> 12 | BL81: =SUM(BL80+BI81-BJ81) -> 12 | BT81: =SUM(BT80+BQ81-BR81) -> 12 | CB81: =SUM(CB80+BY81-BZ81) -> 12 | CJ81: =SUM(CJ80+CG81-CH81) -> 12 | CR81: =SUM(CR80+CO81-CP81) -> 12
H82: =SUM(H81+E82-F82) -> 12 | P82: =SUM(P81+M82-N82) -> 12 | X82: =SUM(X81+U82-V82) -> 12 | AF82: =SUM(AF81+AC82-AD82) -> 12 | AN82: =SUM(AN81+AK82-AL82) -> 12 | AV82: =SUM(AV81+AS82-AT82) -> 12 | BD82: =SUM(BD81+BA82-BB82) -> 12 | BL82: =SUM(BL81+BI82-BJ82) -> 12 | BT82: =SUM(BT81+BQ82-BR82) -> 12 | CB82: =SUM(CB81+BY82-BZ82) -> 12 | CJ82: =SUM(CJ81+CG82-CH82) -> 12 | CR82: =SUM(CR81+CO82-CP82) -> 12
H83: =SUM(H82+E83-F83) -> 12 | P83: =SUM(P82+M83-N83) -> 12 | X83: =SUM(X82+U83-V83) -> 12 | AF83: =SUM(AF82+AC83-AD83) -> 12 | AN83: =SUM(AN82+AK83-AL83) -> 12 | AV83: =SUM(AV82+AS83-AT83) -> 12 | BD83: =SUM(BD82+BA83-BB83) -> 12 | BL83: =SUM(BL82+BI83-BJ83) -> 12 | BT83: =SUM(BT82+BQ83-BR83) -> 12 | CB83: =SUM(CB82+BY83-BZ83) -> 12 | CJ83: =SUM(CJ82+CG83-CH83) -> 12 | CR83: =SUM(CR82+CO83-CP83) -> 12
H84: =SUM(H83+E84-F84) -> 12 | P84: =SUM(P83+M84-N84) -> 12 | X84: =SUM(X83+U84-V84) -> 12 | AF84: =SUM(AF83+AC84-AD84) -> 12 | AN84: =SUM(AN83+AK84-AL84) -> 12 | AV84: =SUM(AV83+AS84-AT84) -> 12 | BD84: =SUM(BD83+BA84-BB84) -> 12 | BL84: =SUM(BL83+BI84-BJ84) -> 12 | BT84: =SUM(BT83+BQ84-BR84) -> 12 | CB84: =SUM(CB83+BY84-BZ84) -> 12 | CJ84: =SUM(CJ83+CG84-CH84) -> 12 | CR84: =SUM(CR83+CO84-CP84) -> 12
H85: =SUM(H84+E85-F85) -> 12 | P85: =SUM(P84+M85-N85) -> 12 | X85: =SUM(X84+U85-V85) -> 12 | AF85: =SUM(AF84+AC85-AD85) -> 12 | AN85: =SUM(AN84+AK85-AL85) -> 12 | AV85: =SUM(AV84+AS85-AT85) -> 12 | BD85: =SUM(BD84+BA85-BB85) -> 12 | BL85: =SUM(BL84+BI85-BJ85) -> 12 | BT85: =SUM(BT84+BQ85-BR85) -> 12 | CB85: =SUM(CB84+BY85-BZ85) -> 12 | CJ85: =SUM(CJ84+CG85-CH85) -> 12 | CR85: =SUM(CR84+CO85-CP85) -> 12
H86: =SUM(H85+E86-F86) -> 12 | P86: =SUM(P85+M86-N86) -> 12 | X86: =SUM(X85+U86-V86) -> 12 | AF86: =SUM(AF85+AC86-AD86) -> 12 | AN86: =SUM(AN85+AK86-AL86) -> 12 | AV86: =SUM(AV85+AS86-AT86) -> 12 | BD86: =SUM(BD85+BA86-BB86) -> 12 | BL86: =SUM(BL85+BI86-BJ86) -> 12 | BT86: =SUM(BT85+BQ86-BR86) -> 12 | CB86: =SUM(CB85+BY86-BZ86) -> 12 | CJ86: =SUM(CJ85+CG86-CH86) -> 12 | CR86: =SUM(CR85+CO86-CP86) -> 12
H87: =SUM(H86+E87-F87) -> 12 | P87: =SUM(P86+M87-N87) -> 12 | X87: =SUM(X86+U87-V87) -> 12 | AF87: =SUM(AF86+AC87-AD87) -> 12 | AN87: =SUM(AN86+AK87-AL87) -> 12 | AV87: =SUM(AV86+AS87-AT87) -> 12 | BD87: =SUM(BD86+BA87-BB87) -> 12 | BL87: =SUM(BL86+BI87-BJ87) -> 12 | BT87: =SUM(BT86+BQ87-BR87) -> 12 | CB87: =SUM(CB86+BY87-BZ87) -> 12 | CJ87: =SUM(CJ86+CG87-CH87) -> 12 | CR87: =SUM(CR86+CO87-CP87) -> 12
B88: Verres (bièrre) | J88: Verres (bièrre) | R88: Verres (bièrre) | Z88: Verres (bièrre) | AH88: Verres (bièrre) | AP88: Verres (bièrre) | AX88: Verres (bièrre) | BF88: Verres (bièrre) | BN88: Verres (bièrre) | BV88: Verres (bièrre) | CD88: Verres (bièrre) | CL88: Verres (bièrre)
E89: Rentree | F89: Sortie | G89: Direction | H89: Balance | M89: Rentree | N89: Sortie | O89: Direction | P89: Balance | U89: Rentree | V89: Sortie | W89: Direction | X89: Balance | AC89: Rentree | AD89: Sortie | AE89: Direction | AF89: Balance | AK89: Rentree | AL89: Sortie | AM89: Direction | AN89: Balance | AS89: Rentree | AT89: Sortie | AU89: Direction | AV89: Balance | BA89: Rentree | BB89: Sortie | BC89: Direction | BD89: Balance | BI89: Rentree | BJ89: Sortie | BK89: Direction | BL89: Balance | BQ89: Rentree | BR89: Sortie | BS89: Direction | BT89: Balance | BY89: Rentree | BZ89: Sortie | CA89: Direction | CB89: Balance | CG89: Rentree | CH89: Sortie | CI89: Direction | CJ89: Balance | CO89: Rentree | CP89: Sortie | CQ89: Direction | CR89: Balance
B90: Balance 30 Sept.22 | E90: Unités | F90: Unités | H90: 12 | J90: Balance 31 Oct. 22 | M90: Unités | N90: Unités | P90: 12 | R90: Balance 30 Nov. 22 | U90: Unités | V90: Unités | X90: 12 | Z90: Balance 31 Déc. 22 | AC90: Unités | AD90: Unités | AF90: 12 | AH90: Balance 31 Jan. 23 | AK90: Unités | AL90: Unités | AN90: 12 | AP90: Balance 28 Fév. 23 | AS90: Unités | AT90: Unités | AV90: 12 | AX90: Balance 31 Mars. 23 | BA90: Unités | BB90: Unités | BD90: 12 | BF90: Balance 30 Avril. 23 | BI90: Unités | BJ90: Unités | BL90: 12 | BN90: Balance 31 Mai. 23 | BQ90: Unités | BR90: Unités | BT90: 12 | BV90: Balance 30 Juin. 23 | BY90: Unités | BZ90: Unités | CB90: 12 | CD90: Balance 31 Juil. 23 | CG90: Unités | CH90: Unités | CJ90: 12 | CL90: Balance 31 Août. 23 | CO90: Unités | CP90: Unités | CR90: 12
H91: =SUM(H90+E91-F91) -> 12 | P91: =SUM(P90+M91-N91) -> 12 | X91: =SUM(X90+U91-V91) -> 12 | AF91: =SUM(AF90+AC91-AD91) -> 12 | AN91: =SUM(AN90+AK91-AL91) -> 12 | AV91: =SUM(AV90+AS91-AT91) -> 12 | BD91: =SUM(BD90+BA91-BB91) -> 12 | BL91: =SUM(BL90+BI91-BJ91) -> 12 | BT91: =SUM(BT90+BQ91-BR91) -> 12 | CB91: =SUM(CB90+BY91-BZ91) -> 12 | CJ91: =SUM(CJ90+CG91-CH91) -> 12 | CR91: =SUM(CR90+CO91-CP91) -> 12
H92: =SUM(H91+E92-F92) -> 12 | P92: =SUM(P91+M92-N92) -> 12 | X92: =SUM(X91+U92-V92) -> 12 | AF92: =SUM(AF91+AC92-AD92) -> 12 | AN92: =SUM(AN91+AK92-AL92) -> 12 | AV92: =SUM(AV91+AS92-AT92) -> 12 | BD92: =SUM(BD91+BA92-BB92) -> 12 | BL92: =SUM(BL91+BI92-BJ92) -> 12 | BT92: =SUM(BT91+BQ92-BR92) -> 12 | CB92: =SUM(CB91+BY92-BZ92) -> 12 | CJ92: =SUM(CJ91+CG92-CH92) -> 12 | CR92: =SUM(CR91+CO92-CP92) -> 12
H93: =SUM(H92+E93-F93) -> 12 | P93: =SUM(P92+M93-N93) -> 12 | X93: =SUM(X92+U93-V93) -> 12 | AF93: =SUM(AF92+AC93-AD93) -> 12 | AN93: =SUM(AN92+AK93-AL93) -> 12 | AV93: =SUM(AV92+AS93-AT93) -> 12 | BD93: =SUM(BD92+BA93-BB93) -> 12 | BL93: =SUM(BL92+BI93-BJ93) -> 12 | BT93: =SUM(BT92+BQ93-BR93) -> 12 | CB93: =SUM(CB92+BY93-BZ93) -> 12 | CJ93: =SUM(CJ92+CG93-CH93) -> 12 | CR93: =SUM(CR92+CO93-CP93) -> 12
H94: =SUM(H93+E94-F94) -> 12 | P94: =SUM(P93+M94-N94) -> 12 | X94: =SUM(X93+U94-V94) -> 12 | AF94: =SUM(AF93+AC94-AD94) -> 12 | AN94: =SUM(AN93+AK94-AL94) -> 12 | AV94: =SUM(AV93+AS94-AT94) -> 12 | BD94: =SUM(BD93+BA94-BB94) -> 12 | BL94: =SUM(BL93+BI94-BJ94) -> 12 | BT94: =SUM(BT93+BQ94-BR94) -> 12 | CB94: =SUM(CB93+BY94-BZ94) -> 12 | CJ94: =SUM(CJ93+CG94-CH94) -> 12 | CR94: =SUM(CR93+CO94-CP94) -> 12
H95: =SUM(H94+E95-F95) -> 12 | P95: =SUM(P94+M95-N95) -> 12 | X95: =SUM(X94+U95-V95) -> 12 | AF95: =SUM(AF94+AC95-AD95) -> 12 | AN95: =SUM(AN94+AK95-AL95) -> 12 | AV95: =SUM(AV94+AS95-AT95) -> 12 | BD95: =SUM(BD94+BA95-BB95) -> 12 | BL95: =SUM(BL94+BI95-BJ95) -> 12 | BT95: =SUM(BT94+BQ95-BR95) -> 12 | CB95: =SUM(CB94+BY95-BZ95) -> 12 | CJ95: =SUM(CJ94+CG95-CH95) -> 12 | CR95: =SUM(CR94+CO95-CP95) -> 12
H96: =SUM(H95+E96-F96) -> 12 | P96: =SUM(P95+M96-N96) -> 12 | X96: =SUM(X95+U96-V96) -> 12 | AF96: =SUM(AF95+AC96-AD96) -> 12 | AN96: =SUM(AN95+AK96-AL96) -> 12 | AV96: =SUM(AV95+AS96-AT96) -> 12 | BD96: =SUM(BD95+BA96-BB96) -> 12 | BL96: =SUM(BL95+BI96-BJ96) -> 12 | BT96: =SUM(BT95+BQ96-BR96) -> 12 | CB96: =SUM(CB95+BY96-BZ96) -> 12 | CJ96: =SUM(CJ95+CG96-CH96) -> 12 | CR96: =SUM(CR95+CO96-CP96) -> 12
H97: =SUM(H96+E97-F97) -> 12 | P97: =SUM(P96+M97-N97) -> 12 | X97: =SUM(X96+U97-V97) -> 12 | AF97: =SUM(AF96+AC97-AD97) -> 12 | AN97: =SUM(AN96+AK97-AL97) -> 12 | AV97: =SUM(AV96+AS97-AT97) -> 12 | BD97: =SUM(BD96+BA97-BB97) -> 12 | BL97: =SUM(BL96+BI97-BJ97) -> 12 | BT97: =SUM(BT96+BQ97-BR97) -> 12 | CB97: =SUM(CB96+BY97-BZ97) -> 12 | CJ97: =SUM(CJ96+CG97-CH97) -> 12 | CR97: =SUM(CR96+CO97-CP97) -> 12
B99: Fourchettes de table | J99: Fourchettes de table | R99: Fourchettes de table | Z99: Fourchettes de table | AH99: Fourchettes de table | AP99: Fourchettes de table | AX99: Fourchettes de table | BF99: Fourchettes de table | BN99: Fourchettes de table | BV99: Fourchettes de table | CD99: Fourchettes de table | CL99: Fourchettes de table
E100: Rentree | F100: Sortie | G100: Direction | H100: Balance | M100: Rentree | N100: Sortie | O100: Direction | P100: Balance | U100: Rentree | V100: Sortie | W100: Direction | X100: Balance | AC100: Rentree | AD100: Sortie | AE100: Direction | AF100: Balance | AK100: Rentree | AL100: Sortie | AM100: Direction | AN100: Balance | AS100: Rentree | AT100: Sortie | AU100: Direction | AV100: Balance | BA100: Rentree | BB100: Sortie | BC100: Direction | BD100: Balance | BI100: Rentree | BJ100: Sortie | BK100: Direction | BL100: Balance | BQ100: Rentree | BR100: Sortie | BS100: Direction | BT100: Balance | BY100: Rentree | BZ100: Sortie | CA100: Direction | CB100: Balance | CG100: Rentree | CH100: Sortie | CI100: Direction | CJ100: Balance | CO100: Rentree | CP100: Sortie | CQ100: Direction | CR100: Balance
B101: Balance 30 Sept.22 | E101: Unités | F101: Unités | H101: 22 | J101: Balance 31 Oct. 22 | M101: Unités | N101: Unités | P101: 22 | R101: Balance 30 Nov. 22 | U101: Unités | V101: Unités | X101: 22 | Z101: Balance 31 Déc. 22 | AC101: Unités | AD101: Unités | AF101: 22 | AH101: Balance 31 Jan. 23 | AK101: Unités | AL101: Unités | AN101: 22 | AP101: Balance 28 Fév. 23 | AS101: Unités | AT101: Unités | AV101: 22 | AX101: Balance 31 Mars. 23 | BA101: Unités | BB101: Unités | BD101: 22 | BF101: Balance 30 Avril. 23 | BI101: Unités | BJ101: Unités | BL101: 22 | BN101: Balance 31 Mai. 23 | BQ101: Unités | BR101: Unités | BT101: 22 | BV101: Balance 30 Juin. 23 | BY101: Unités | BZ101: Unités | CB101: 22 | CD101: Balance 31 Juil. 23 | CG101: Unités | CH101: Unités | CJ101: 22 | CL101: Balance 31 Août. 23 | CO101: Unités | CP101: Unités | CR101: 22
H102: =SUM(H101+E102-F102) -> 22 | P102: =SUM(P101+M102-N102) -> 22 | X102: =SUM(X101+U102-V102) -> 22 | AF102: =SUM(AF101+AC102-AD102) -> 22 | AN102: =SUM(AN101+AK102-AL102) -> 22 | AV102: =SUM(AV101+AS102-AT102) -> 22 | BD102: =SUM(BD101+BA102-BB102) -> 22 | BL102: =SUM(BL101+BI102-BJ102) -> 22 | BT102: =SUM(BT101+BQ102-BR102) -> 22 | CB102: =SUM(CB101+BY102-BZ102) -> 22 | CJ102: =SUM(CJ101+CG102-CH102) -> 22 | CR102: =SUM(CR101+CO102-CP102) -> 22
H103: =SUM(H102+E103-F103) -> 22 | P103: =SUM(P102+M103-N103) -> 22 | X103: =SUM(X102+U103-V103) -> 22 | AF103: =SUM(AF102+AC103-AD103) -> 22 | AN103: =SUM(AN102+AK103-AL103) -> 22 | AV103: =SUM(AV102+AS103-AT103) -> 22 | BD103: =SUM(BD102+BA103-BB103) -> 22 | BL103: =SUM(BL102+BI103-BJ103) -> 22 | BT103: =SUM(BT102+BQ103-BR103) -> 22 | CB103: =SUM(CB102+BY103-BZ103) -> 22 | CJ103: =SUM(CJ102+CG103-CH103) -> 22 | CR103: =SUM(CR102+CO103-CP103) -> 22
H104: =SUM(H103+E104-F104) -> 22 | P104: =SUM(P103+M104-N104) -> 22 | X104: =SUM(X103+U104-V104) -> 22 | AF104: =SUM(AF103+AC104-AD104) -> 22 | AN104: =SUM(AN103+AK104-AL104) -> 22 | AV104: =SUM(AV103+AS104-AT104) -> 22 | BD104: =SUM(BD103+BA104-BB104) -> 22 | BL104: =SUM(BL103+BI104-BJ104) -> 22 | BT104: =SUM(BT103+BQ104-BR104) -> 22 | CB104: =SUM(CB103+BY104-BZ104) -> 22 | CJ104: =SUM(CJ103+CG104-CH104) -> 22 | CR104: =SUM(CR103+CO104-CP104) -> 22
H105: =SUM(H104+E105-F105) -> 22 | P105: =SUM(P104+M105-N105) -> 22 | X105: =SUM(X104+U105-V105) -> 22 | AF105: =SUM(AF104+AC105-AD105) -> 22 | AN105: =SUM(AN104+AK105-AL105) -> 22 | AV105: =SUM(AV104+AS105-AT105) -> 22 | BD105: =SUM(BD104+BA105-BB105) -> 22 | BL105: =SUM(BL104+BI105-BJ105) -> 22 | BT105: =SUM(BT104+BQ105-BR105) -> 22 | CB105: =SUM(CB104+BY105-BZ105) -> 22 | CJ105: =SUM(CJ104+CG105-CH105) -> 22 | CR105: =SUM(CR104+CO105-CP105) -> 22
H106: =SUM(H105+E106-F106) -> 22 | P106: =SUM(P105+M106-N106) -> 22 | X106: =SUM(X105+U106-V106) -> 22 | AF106: =SUM(AF105+AC106-AD106) -> 22 | AN106: =SUM(AN105+AK106-AL106) -> 22 | AV106: =SUM(AV105+AS106-AT106) -> 22 | BD106: =SUM(BD105+BA106-BB106) -> 22 | BL106: =SUM(BL105+BI106-BJ106) -> 22 | BT106: =SUM(BT105+BQ106-BR106) -> 22 | CB106: =SUM(CB105+BY106-BZ106) -> 22 | CJ106: =SUM(CJ105+CG106-CH106) -> 22 | CR106: =SUM(CR105+CO106-CP106) -> 22
...

Sheet S
B2: Direction Générale du Budget | J2: Direction Générale du Budget | R2: Direction Générale du Budget | Z2: Direction Générale du Budget | AH2: Direction Générale du Budget | AP2: Direction Générale du Budget | AX2: Direction Générale du Budget | BF2: Direction Générale du Budget | BN2: Direction Générale du Budget | BV2: Direction Générale du Budget | CD2: Direction Générale du Budget | CL2: Direction Générale du Budget
B3: Inventaire stocks fournitures | J3: Inventaire stocks fournitures | R3: Inventaire stocks fournitures | Z3: Inventaire stocks fournitures | AH3: Inventaire stocks fournitures | AP3: Inventaire stocks fournitures | AX3: Inventaire stocks fournitures | BF3: Inventaire stocks fournitures | BN3: Inventaire stocks fournitures | BV3: Inventaire stocks fournitures | CD3: Inventaire stocks fournitures | CL3: Inventaire stocks fournitures
B4: Exercice: 2024-2025 | J4: Exercice: 2024-2025 | R4: Exercice: 2024-2025 | Z4: Exercice: 2024-2025 | AH4: Exercice: 2024-2025 | AP4: Exercice: 2024-2025 | AX4: Exercice: 2024-2025 | BF4: Exercice: 2024-2025 | BN4: Exercice: 2024-2025 | BV4: Exercice: 2024-2025 | CD4: Exercice: 2024-2025 | CL4: Exercice: 2024-2025
B6: 45566 | J6: 45597 | R6: 45627 | Z6: 45658 | AH6: 45689 | AP6: 45717 | AX6: 45748 | BF6: 45778 | BN6: 45809 | BV6: 45839 | CD6: 45870 | CL6: 45536
B8: Produits de nettoyage | J8: Produits de nettoyage | R8: Produits de nettoyage | Z8: Produits de nettoyage | AH8: Produits de nettoyage | AP8: Produits de nettoyage | AX8: Produits de nettoyage | BF8: Produits de nettoyage | BN8: Produits de nettoyage | BV8: Produits de nettoyage | CD8: Produits de nettoyage | CL8: Produits de nettoyage
B10: Air fresh (glade) | J10: Air fresh (glade) | R10: Air fresh (glade) | Z10: Air fresh (glade) | AH10: Air fresh (glade) | AP10: Air fresh (glade) | AX10: Air fresh (glade) | BF10: Air fresh (glade) | BN10: Air fresh (glade) | BV10: Air fresh (glade) | CD10: Air fresh (glade) | CL10: Air fresh (glade)
E11: Rentree | F11: Sortie | G11: Direction | H11: Stock | M11: Rentree | N11: Sortie | O11: Direction | P11: Stock | U11: Rentree | V11: Sortie | W11: Direction | X11: Stock | AC11: Rentree | AD11: Sortie | AE11: Direction | AF11: Stock | AK11: Rentree | AL11: Sortie | AM11: Direction | AN11: Stock | AS11: Rentree | AT11: Sortie | AU11: Direction | AV11: Stock | BA11: Rentree | BB11: Sortie | BC11: Direction | BD11: Stock | BI11: Rentree | BJ11: Sortie | BK11: Direction | BL11: Stock | BQ11: Rentree | BR11: Sortie | BS11: Direction | BT11: Stock | BY11: Rentree | BZ11: Sortie | CA11: Direction | CB11: Stock | CG11: Rentree | CH11: Sortie | CI11: Direction | CJ11: Stock | CO11: Rentree | CP11: Sortie | CQ11: Direction | CR11: Stock
B12: Stock 30 Sept.24 | E12: Unités | F12: Unités | H12: 19 | J12: Stock 31 Oct. 24 | M12: Unités | N12: Unités | P12: 14 | R12: Stock 30 Nov. 24 | U12: Unités | V12: Unités | X12: 12 | Z12: Stock 31 Déc. 24 | AC12: Unités | AD12: Unités | AF12: 21 | AH12: Stock 31 Jan. 25 | AK12: Unités | AL12: Unités | AN12: 15 | AP12: Stock 28 Fév. 25 | AS12: Unités | AT12: Unités | AV12: 9 | AX12: Stock 31 Mars. 25 | BA12: Unités | BB12: Unités | BD12: 7 | BF12: Stock 30 Avril. 25 | BI12: Unités | BJ12: Unités | BL12: 28 | BN12: Stock 31 Mai. 25 | BQ12: Unités | BR12: Unités | BT12: =BL19 -> 19 | BV12: Stock 30 Juin. 25 | BY12: Unités | BZ12: Unités | CB12: =BT18 -> 12 | CD12: Stock 31 Juil. 25 | CG12: Unités | CH12: Unités | CJ12: =CB17 -> 8 | CL12: Stock 31 Août. 24 | CO12: Unités | CP12: Unités | CR12: =CJ18 -> 1
B13: 45574 | E13: 0 | F13: 1 | G13: DG | H13: =SUM(H12+E13-F13) -> 18 | J13: 45605 | M13: 0 | N13: 1 | O13: DAA | P13: =SUM(P12+M13-N13) -> 13 | R13: 45629 | U13: 0 | V13: 2 | W13: DAA | X13: =SUM(X12+U13-V13) -> 10 | Z13: 45661 | AC13: 0 | AD13: 1 | AE13: DAA | AF13: =SUM(AF12+AC13-AD13) -> 20 | AH13: 45689 | AK13: 0 | AL13: 1 | AM13: DAA | AN13: =SUM(AN12+AK13-AL13) -> 14 | AP13: 45724 | AT13: 2 | AU13: DAA | AV13: =SUM(AV12+AS14-AT13) -> 7 | AX13: 45758 | BA13: 0 | BB13: 1 | BC13: DEPB | BD13: =SUM(BD12+BA13-BB13) -> 6 | BF13: 45780 | BI13: 0 | BJ13: 1 | BK13: DAA | BL13: =SUM(BL12+BI13-BJ13) -> 27 | BN13: 45814 | BQ13: 0 | BR13: 2 | BS13: DG | BT13: =SUM(BT12+BQ13-BR13) -> 17 | BV13: 189 | BY13: 0 | BZ13: 1 | CA13: DAA | CB13: =SUM(CB12+BY13-BZ13) -> 11 | CD13: 45870 | CG13: 0 | CH13: 2 | CI13: DAA | CJ13: =SUM(CJ12+CG13-CH13) -> 6 | CR13: =SUM(CR12+CO13-CP13) -> 1
B14: 45575 | E14: 0 | F14: 1 | G14: DAA | H14: =SUM(H13+E14-F14) -> 17 | J14: 45609 | M14: 0 | N14: 1 | O14: DG | P14: =SUM(P13+M14-N14) -> 12 | R14: 45637 | U14: 14 | V14: 0 | W14: DAA | X14: =SUM(X13+U14-V14) -> 24 | Z14: 45663 | AC14: 0 | AD14: 1 | AE14: DG | AF14: =SUM(AF13+AC14-AD14) -> 19 | AH14: 45693 | AK14: 0 | AL14: 1 | AM14: DG | AN14: =SUM(AN13+AK14-AL14) -> 13 | AP14: 45731 | AS14: 0 | AT14: 2 | AU14: DAA | AV14: =SUM(AV13+AS15-AT14) -> 5 | AX14: 45762 | BA14: 24 | BB14: 0 | BC14: DAA | BD14: =SUM(BD13+BA14-BB14) -> 30 | BF14: 45782 | BI14: 0 | BJ14: 1 | BK14: DAA | BL14: =SUM(BL13+BI14-BJ14) -> 26 | BN14: 45818 | BQ14: 0 | BR14: 2 | BS14: DAA | BT14: =SUM(BT13+BQ14-BR14) -> 15 | BV14: 194 | BY14: 0 | BZ14: 1 | CA14: DG | CB14: =SUM(CB13+BY14-BZ14) -> 10 | CD14: 45877 | CG14: 0 | CH14: 1 | CI14: DG | CJ14: =SUM(CJ13+CG14-CH14) -> 5 | CR14: =SUM(CR13+CO14-CP14) -> 1
B15: 45577 | E15: 0 | F15: 1 | G15: DAA | H15: =SUM(H14+E15-F15) -> 16 | P15: =SUM(P14+M15-N15) -> 12 | R15: 45640 | U15: 0 | V15: 2 | W15: DAA | X15: =SUM(X14+U15-V15) -> 22 | Z15: 45667 | AC15: 0 | AD15: 1 | AE15: DAA | AF15: =SUM(AF14+AC15-AD15) -> 18 | AH15: 45696 | AK15: 0 | AL15: 1 | AM15: DAA | AN15: =SUM(AN14+AK15-AL15) -> 12 | AP15: 45734 | AS15: 0 | AT15: 1 | AU15: DG | AV15: =SUM(AV14+AS15-AT15) -> 4 | AX15: 45764 | BA15: 0 | BB15: 1 | BC15: DAA | BD15: =SUM(BD14+BA15-BB15) -> 29 | BF15: 45784 | BI15: 0 | BJ15: 1 | BK15: DG | BL15: =SUM(BL14+BI15-BJ15) -> 25 | BN15: 45820 | BQ15: 0 | BR15: 1 | BS15: DCB | BT15: =SUM(BT14+BQ15-BR15) -> 14 | BV15: 197 | BY15: 0 | BZ15: 1 | CA15: DAA | CB15: =SUM(CB14+BY15-BZ15) -> 9 | CD15: 45877 | CG15: 0 | CH15: 1 | CI15: DAA | CJ15: =SUM(CJ14+CG15-CH15) -> 4 | CR15: =SUM(CR14+CO15-CP15) -> 1
B16: 45584 | E16: 0 | F16: 1 | G16: DAA | H16: =SUM(H15+E16-F16) -> 15 | P16: =SUM(P15+M16-N16) -> 12 | R16: 45652 | U16: 0 | V16: 1 | W16: DAA | X16: =SUM(X15+U16-V16) -> 21 | Z16: 45673 | AC16: 0 | AD16: 1 | AE16: DAA | AF16: =SUM(AF15+AC16-AD16) -> 17 | AH16: 45703 | AK16: 0 | AL16: 1 | AM16: DAA | AN16: =SUM(AN15+AK16-AL16) -> 11 | AV16: =SUM(AV15+AS16-AT16) -> 4 | AX16: 45768 | BA16: 0 | BB16: 1 | BC16: DAA | BD16: =SUM(BD15+BA16-BB16) -> 28 | BF16: 45791 | BI16: 0 | BJ16: 1 | BK16: DS | BL16: =SUM(BL15+BI16-BJ16) -> 24 | BN16: 45826 | BQ16: 0 | BR16: 1 | BS16: DS | BT16: =SUM(BT15+BQ16-BR16) -> 13 | BV16: 45862 | BY16: 0 | BZ16: 1 | CA16: DAA | CB16: =SUM(CB15+BY16-BZ16) -> 8 | CD16: 45887 | CG16: 0 | CH16: 1 | CI16: DAA | CJ16: =SUM(CJ15+CG16-CH16) -> 3 | CR16: =SUM(CR15+CO16-CP16) -> 1
B17: 45587 | E17: 0 | F17: 1 | G17: DAA | H17: =SUM(H16+E17-F17) -> 14 | P17: =SUM(P16+M17-N17) -> 12 | X17: =SUM(X16+U17-V17) -> 21 | Z17: 45672 | AC17: 0 | AD17: 1 | AE17: DAA | AF17: =SUM(AF16+AC17-AD17) -> 16 | AH17: 45707 | AK17: 0 | AL17: 1 | AM17: DG | AN17: =SUM(AN16+AK17-AL17) -> 10 | AV17: =SUM(AV16+AS17-AT17) -> 4 | BD17: =SUM(BD16+BA17-BB17) -> 28 | BF17: 45803 | BI17: 0 | BJ17: 4 | BK17: DAA | BL17: =SUM(BL16+BI17-BJ17) -> 20 | BN17: 45834 | BQ17: 0 | BR17: 1 | BS17: DAA | BT17: =SUM(BT16+BQ17-BR17) -> 12 | CB17: =SUM(CB16+BY17-BZ17) -> 8 | CD17: 45889 | CG17: 0 | CH17: 1 | CI17: DAA | CJ17: =SUM(CJ16+CG17-CH17) -> 2 | CR17: =SUM(CR16+CO17-CP17) -> 1
H18: =SUM(H17+E18-F18) -> 14 | P18: =SUM(P17+M18-N18) -> 12 | X18: =SUM(X17+U18-V18) -> 21 | Z18: 45679 | AC18: 0 | AD18: 1 | AE18: DAA | AF18: =SUM(AF17+AC18-AD18) -> 15 | AH18: 45710 | AK18: 0 | AL18: 1 | AM18: DAA | AN18: =SUM(AN17+AK18-AL18) -> 9 | AV18: =SUM(AV17+AS18-AT18) -> 4 | BD18: =SUM(BD17+BA18-BB18) -> 28 | BF18: 45799 | BI18: 0 | BJ18: 1 | BK18: DG | BL18: =SUM(BL17+BI18-BJ18) -> 19 | BT18: =SUM(BT17+BQ18-BR18) -> 12 | CB18: =SUM(CB17+BY18-BZ18) -> 8 | CD18: 45896 | CG18: 0 | CH18: 1 | CI18: DAA | CJ18: =SUM(CJ17+CG18-CH18) -> 1 | CR18: =SUM(CR17+CO18-CP18) -> 1
H19: =SUM(H18+E19-F19) -> 14 | P19: =SUM(P18+M19-N19) -> 12 | X19: =SUM(X18+U19-V19) -> 21 | AF19: =SUM(AF18+AC19-AD19) -> 15 | AN19: =SUM(AN18+AK19-AL19) -> 9 | AV19: =SUM(AV18+AS19-AT19) -> 4 | BD19: =SUM(BD18+BA19-BB19) -> 28 | BL19: =SUM(BL18+BI19-BJ19) -> 19 | BT19: =SUM(BT18+BQ19-BR19) -> 12 | CB19: =SUM(CB18+BY19-BZ19) -> 8 | CJ19: =SUM(CJ18+CG19-CH19) -> 1 | CR19: =SUM(CR18+CO19-CP19) -> 1
H20: =SUM(H19+E20-F20) -> 14 | P20: =SUM(P19+M20-N20) -> 12 | X20: =SUM(X19+U20-V20) -> 21 | AF20: =SUM(AF19+AC20-AD20) -> 15 | AN20: =SUM(AN19+AK20-AL20) -> 9 | AV20: =SUM(AV19+AS20-AT20) -> 4 | BD20: =SUM(BD19+BA20-BB20) -> 28 | BL20: =SUM(BL19+BI20-BJ20) -> 19 | BT20: =SUM(BT19+BQ20-BR20) -> 12 | CB20: =SUM(CB19+BY20-BZ20) -> 8 | CJ20: =SUM(CJ19+CG20-CH20) -> 1 | CR20: =SUM(CR19+CO20-CP20) -> 1
H21: =SUM(H20+E21-F21) -> 14 | P21: =SUM(P20+M21-N21) -> 12 | X21: =SUM(X20+U21-V21) -> 21 | AF21: =SUM(AF20+AC21-AD21) -> 15 | AN21: =SUM(AN20+AK21-AL21) -> 9 | AV21: =SUM(AV20+AS21-AT21) -> 4 | BD21: =SUM(BD20+BA21-BB21) -> 28 | BL21: =SUM(BL20+BI21-BJ21) -> 19 | BT21: =SUM(BT20+BQ21-BR21) -> 12 | CB21: =SUM(CB20+BY21-BZ21) -> 8 | CJ21: =SUM(CJ20+CG21-CH21) -> 1 | CR21: =SUM(CR20+CO21-CP21) -> 1
H22: =SUM(H21+E22-F22) -> 14 | P22: =SUM(P21+M22-N22) -> 12 | X22: =SUM(X21+U22-V22) -> 21 | AF22: =SUM(AF21+AC22-AD22) -> 15 | AN22: =SUM(AN21+AK22-AL22) -> 9 | AV22: =SUM(AV21+AS22-AT22) -> 4 | BD22: =SUM(BD21+BA22-BB22) -> 28 | BL22: =SUM(BL21+BI22-BJ22) -> 19 | BT22: =SUM(BT21+BQ22-BR22) -> 12 | CB22: =SUM(CB21+BY22-BZ22) -> 8 | CJ22: =SUM(CJ21+CG22-CH22) -> 1 | CR22: =SUM(CR21+CO22-CP22) -> 1
B23: Acide | J23: Acide | R23: Acide | Z23: Acide | AH23: Acide | AP23: Acide | AX23: Acide | BF23: Acide | BN23: Acide | BV23: Acide | CD23: Acide | CL23: Acide
E24: Rentree | F24: Sortie | G24: Direction | H24: Stock | M24: Rentree | N24: Sortie | O24: Direction | P24: Stock | U24: Rentree | V24: Sortie | W24: Direction | X24: Stock | AC24: Rentree | AD24: Sortie | AE24: Direction | AF24: Stock | AK24: Rentree | AL24: Sortie | AM24: Direction | AN24: Stock | AS24: Rentree | AT24: Sortie | AU24: Direction | AV24: Stock | BA24: Rentree | BB24: Sortie | BC24: Direction | BD24: Stock | BI24: Rentree | BJ24: Sortie | BK24: Direction | BL24: Stock | BQ24: Rentree | BR24: Sortie | BS24: Direction | BT24: Stock | BY24: Rentree | BZ24: Sortie | CA24: Direction | CB24: Stock | CG24: Rentree | CH24: Sortie | CI24: Direction | CJ24: Stock | CO24: Rentree | CP24: Sortie | CQ24: Direction | CR24: Stock
B25: Stock 30 Sept.24 | E25: gallons | F25: gallons | H25: 6 | J25: Stock 31 Oct. 24 | M25: gallons | N25: gallons | P25: 6 | R25: Stock 30 Nov. 24 | U25: gallons | V25: gallons | X25: 5 | Z25: Stock 31 Déc. 24 | AC25: gallons | AD25: gallons | AF25: 4 | AH25: Stock 31 Jan. 25 | AK25: gallons | AL25: gallons | AN25: 4 | AP25: Stock 28 Fév. 25 | AS25: gallons | AT25: gallons | AV25: 4 | AX25: Stock 31 Mars. 25 | BA25: gallons | BB25: gallons | BD25: 4 | BF25: Stock 30 Avril. 25 | BI25: gallons | BJ25: gallons | BL25: 4 | BN25: Stock 31 Mai. 25 | BQ25: gallons | BR25: gallons | BT25: 4 | BV25: Stock 30 Juin. 25 | BY25: gallons | BZ25: gallons | CB25: 2 | CD25: Stock 31 Juil. 25 | CG25: gallons | CH25: gallons | CJ25: =CB26 -> 2 | CL25: Stock 31 Août. 24 | CO25: gallons | CP25: gallons | CR25: 0
H26: =SUM(H25+E26-F26) -> 6 | J26: 45618 | M26: 0 | N26: 1 | O26: DAA | P26: =SUM(P25+M26-N26) -> 5 | R26: 45640 | U26: 0 | V26: 1 | W26: DAA | X26: =SUM(X25+U26-V26) -> 4 | AF26: =SUM(AF25+AC26-AD26) -> 4 | AN26: =SUM(AN25+AK26-AL26) -> 4 | AV26: =SUM(AV25+AS26-AT26) -> 4 | BD26: =SUM(BD25+BA26-BB26) -> 4 | BL26: =SUM(BL25+BI26-BJ26) -> 4 | BN26: 45818 | BQ26: 0 | BR26: 1 | BS26: DAA | BT26: =SUM(BT25+BQ26-BR26) -> 3 | CB26: =SUM(CB25+BY26-BZ26) -> 2 | CD26: 45870 | CG26: 0 | CH26: 1 | CI26: DAA | CJ26: =SUM(CJ25+CG26-CH26) -> 1 | CR26: =SUM(CR25+CO26-CP26) -> 0
H27: =SUM(H26+E27-F27) -> 6 | P27: =SUM(P26+M27-N27) -> 5 | X27: =SUM(X26+U27-V27) -> 4 | AF27: =SUM(AF26+AC27-AD27) -> 4 | AN27: =SUM(AN26+AK27-AL27) -> 4 | AV27: =SUM(AV26+AS27-AT27) -> 4 | BD27: =SUM(BD26+BA27-BB27) -> 4 | BL27: =SUM(BL26+BI27-BJ27) -> 4 | BN27: 45833 | BQ27: 0 | BR27: 1 | BS27: DAA | BT27: =SUM(BT26+BQ27-BR27) -> 2 | CB27: =SUM(CB26+BY27-BZ27) -> 2 | CD27: 45900 | CG27: 0 | CH27: 1 | CI27: DAA | CJ27: =SUM(CJ26+CG27-CH27) -> 0 | CR27: =SUM(CR26+CO27-CP27) -> 0
H28: =SUM(H27+E28-F28) -> 6 | P28: =SUM(P27+M28-N28) -> 5 | X28: =SUM(X27+U28-V28) -> 4 | AF28: =SUM(AF27+AC28-AD28) -> 4 | AN28: =SUM(AN27+AK28-AL28) -> 4 | AV28: =SUM(AV27+AS28-AT28) -> 4 | BD28: =SUM(BD27+BA28-BB28) -> 4 | BL28: =SUM(BL27+BI28-BJ28) -> 4 | BT28: =SUM(BT27+BQ28-BR28) -> 2 | CB28: =SUM(CB27+BY28-BZ28) -> 2 | CJ28: =SUM(CJ27+CG28-CH28) -> 0 | CR28: =SUM(CR27+CO28-CP28) -> 0
H29: =SUM(H28+E29-F29) -> 6 | P29: =SUM(P28+M29-N29) -> 5 | X29: =SUM(X28+U29-V29) -> 4 | AF29: =SUM(AF28+AC29-AD29) -> 4 | AN29: =SUM(AN28+AK29-AL29) -> 4 | AV29: =SUM(AV28+AS29-AT29) -> 4 | BD29: =SUM(BD28+BA29-BB29) -> 4 | BL29: =SUM(BL28+BI29-BJ29) -> 4 | BT29: =SUM(BT28+BQ29-BR29) -> 2 | CB29: =SUM(CB28+BY29-BZ29) -> 2 | CJ29: =SUM(CJ28+CG29-CH29) -> 0 | CR29: =SUM(CR28+CO29-CP29) -> 0
H30: =SUM(H29+E30-F30) -> 6 | P30: =SUM(P29+M30-N30) -> 5 | X30: =SUM(X29+U30-V30) -> 4 | AF30: =SUM(AF29+AC30-AD30) -> 4 | AN30: =SUM(AN29+AK30-AL30) -> 4 | AV30: =SUM(AV29+AS30-AT30) -> 4 | BD30: =SUM(BD29+BA30-BB30) -> 4 | BL30: =SUM(BL29+BI30-BJ30) -> 4 | BT30: =SUM(BT29+BQ30-BR30) -> 2 | CB30: =SUM(CB29+BY30-BZ30) -> 2 | CJ30: =SUM(CJ29+CG30-CH30) -> 0 | CR30: =SUM(CR29+CO30-CP30) -> 0
H31: =SUM(H30+E31-F31) -> 6 | P31: =SUM(P30+M31-N31) -> 5 | X31: =SUM(X30+U31-V31) -> 4 | AF31: =SUM(AF30+AC31-AD31) -> 4 | AN31: =SUM(AN30+AK31-AL31) -> 4 | AV31: =SUM(AV30+AS31-AT31) -> 4 | BD31: =SUM(BD30+BA31-BB31) -> 4 | BL31: =SUM(BL30+BI31-BJ31) -> 4 | BT31: =SUM(BT30+BQ31-BR31) -> 2 | CB31: =SUM(CB30+BY31-BZ31) -> 2 | CJ31: =SUM(CJ30+CG31-CH31) -> 0 | CR31: =SUM(CR30+CO31-CP31) -> 0
H32: =SUM(H31+E32-F32) -> 6 | P32: =SUM(P31+M32-N32) -> 5 | X32: =SUM(X31+U32-V32) -> 4 | AF32: =SUM(AF31+AC32-AD32) -> 4 | AN32: =SUM(AN31+AK32-AL32) -> 4 | AV32: =SUM(AV31+AS32-AT32) -> 4 | BD32: =SUM(BD31+BA32-BB32) -> 4 | BL32: =SUM(BL31+BI32-BJ32) -> 4 | BT32: =SUM(BT31+BQ32-BR32) -> 2 | CB32: =SUM(CB31+BY32-BZ32) -> 2 | CJ32: =SUM(CJ31+CG32-CH32) -> 0 | CR32: =SUM(CR31+CO32-CP32) -> 0
H33: =SUM(H32+E33-F33) -> 6 | P33: =SUM(P32+M33-N33) -> 5 | X33: =SUM(X32+U33-V33) -> 4 | AF33: =SUM(AF32+AC33-AD33) -> 4 | AN33: =SUM(AN32+AK33-AL33) -> 4 | AV33: =SUM(AV32+AS33-AT33) -> 4 | BD33: =SUM(BD32+BA33-BB33) -> 4 | BL33: =SUM(BL32+BI33-BJ33) -> 4 | BT33: =SUM(BT32+BQ33-BR33) -> 2 | CB33: =SUM(CB32+BY33-BZ33) -> 2 | CJ33: =SUM(CJ32+CG33-CH33) -> 0 | CR33: =SUM(CR32+CO33-CP33) -> 0
B34: Ajax | J34: Ajax | R34: Ajax | Z34: Ajax | AH34: Ajax | AP34: Ajax | AX34: Ajax | BF34: Ajax | BN34: Ajax | BV34: Ajax | CD34: Ajax | CL34: Ajax
E35: Rentree | F35: Sortie | G35: Direction | H35: Stock | M35: Rentree | N35: Sortie | O35: Direction | P35: Stock | U35: Rentree | V35: Sortie | W35: Direction | X35: Stock | AC35: Rentree | AD35: Sortie | AE35: Direction | AF35: Stock | AK35: Rentree | AL35: Sortie | AM35: Direction | AN35: Stock | AS35: Rentree | AT35: Sortie | AU35: Direction | AV35: Stock | BA35: Rentree | BB35: Sortie | BC35: Direction | BD35: Stock | BI35: Rentree | BJ35: Sortie | BK35: Direction | BL35: Stock | BQ35: Rentree | BR35: Sortie | BS35: Direction | BT35: Stock | BY35: Rentree | BZ35: Sortie | CA35: Direction | CB35: Stock | CG35: Rentree | CH35: Sortie | CI35: Direction | CJ35: Stock | CO35: Rentree | CP35: Sortie | CQ35: Direction | CR35: Stock
B36: Stock 30 Sept.24 | E36: Unités | F36: Unités | H36: 26 | J36: Stock 31 Oct. 24 | M36: Unités | N36: Unités | P36: 18 | R36: Stock 30 Nov. 24 | U36: Unités | V36: Unités | X36: 14 | Z36: Stock 31 Déc. 24 | AC36: Unités | AD36: Unités | AF36: 7 | AH36: Stock 31 Jan. 25 | AK36: Unités | AL36: Unités | AN36: 2 | AP36: Stock 28 Fév. 25 | AS36: Unités | AT36: Unités | AV36: 1 | AX36: Stock 31 Mars. 25 | BA36: Unités | BB36: Unités | BD36: 0 | BF36: Stock 30 Avril. 25 | BI36: Unités | BJ36: Unités | BL36: 22 | BN36: Stock 31 Mai. 25 | BQ36: Unités | BR36: Unités | BT36: =BL43 -> 13 | BV36: Stock 30 Juin. 25 | BY36: Unités | BZ36: Unités | CB36: =BT43 -> 5 | CD36: Stock 31 Juil. 25 | CG36: Unités | CH36: Unités | CJ36: 0 | CL36: Stock 31 Août. 24 | CO36: Unités | CP36: Unités | CR36: 0
B37: 45570 | E37: 0 | F37: 1 | G37: DAA | H37: =SUM(H36+E37-F37) -> 25 | J37: 45605 | M37: 0 | N37: 1 | O37: DAA | P37: =SUM(P36+M37-N37) -> 17 | R37: 45628 | U37: 0 | V37: 1 | W37: DAA | X37: =SUM(X36+U37-V37) -> 13 | Z37: 45663 | AC37: 0 | AD37: 1 | AE37: DAA | AF37: =SUM(AF36+AC37-AD37) -> 6 | AH37: 45714 | AK37: 0 | AL37: 1 | AM37: DAA | AN37: =SUM(AN36+AK37-AL37) -> 1 | AP37: 45724 | AS37: 0 | AT37: 1 | AU37: DAA | AV37: =SUM(AV36+AS37-AT37) -> 0 | AX37: 45762 | BA37: 24 | BB37: 0 | BC37: DAA | BD37: =SUM(BD36+BA37-BB37) -> 24 | BF37: 45780 | BI37: 0 | BJ37: 1 | BK37: DAA | BL37: =SUM(BL36+BI37-BJ37) -> 21 | BN37: 45811 | BQ37: 0 | BR37: 2 | BS37: DAA | BT37: =SUM(BT36+BQ37-BR37) -> 11 | BV37: 187 | BY37: 0 | BZ37: 2 | CA37: DAA | CB37: =SUM(CB36+BY37-BZ37) -> 3 | CD37: 45874 | CG37: 4 | CH37: 0 | CI37: DAA | CJ37: =SUM(CJ36+CG37-CH37) -> 4 | CR37: =SUM(CR36+CO37-CP37) -> 0
B38: 45576 | E38: 0 | F38: 1 | G38: DAA | H38: =SUM(H37+E38-F38) -> 24 | J38: 45609 | M38: 0 | N38: 1 | O38: DG | P38: =SUM(P37+M38-N38) -> 16 | R38: 45631 | U38: 0 | V38: 1 | W38: DG | X38: =SUM(X37+U38-V38) -> 12 | Z38: 45663 | AC38: 0 | AD38: 1 | AE38: DG | AF38: =SUM(AF37+AC38-AD38) -> 5 | AN38: =SUM(AN37+AK38-AL38) -> 1 | AV38: =SUM(AV37+AS38-AT38) -> 0 | AX38: 45768 | BA38: 0 | BB38: 1 | BC38: DAA | BD38: =SUM(BD37+BA38-BB38) -> 23 | BF38: 45784 | BI38: 0 | BJ38: 1 | BK38: DG | BL38: =SUM(BL37+BI38-BJ38) -> 20 | BN38: 45822 | BQ38: 0 | BR38: 1 | BS38: DAA | BT38: =SUM(BT37+BQ38-BR38) -> 10 | BV38: 45847 | BY38: 0 | BZ38: 2 | CA38: DAA | CB38: =SUM(CB37+BY38-BZ38) -> 1 | CD38: 45880 | CG38: 0 | CH38: 1 | CI38: DAA | CJ38: =SUM(CJ37+CG38-CH38) -> 3 | CR38: =SUM(CR37+CO38-CP38) -> 0
B39: 45584 | E39: 0 | F39: 1 | G39: DAA | H39: =SUM(H38+E39-F39) -> 23 | J39: 45621 | M39: 0 | N39: 1 | O39: DAA | P39: =SUM(P38+M39-N39) -> 15 | R39: 45635 | U39: 0 | V39: 1 | W39: DAA | X39: =SUM(X38+U39-V39) -> 11 | Z39: 45668 | AC39: 0 | AD39: 1 | AE39: DAA | AF39: =SUM(AF38+AC39-AD39) -> 4 | AN39: =SUM(AN38+AK39-AL39) -> 1 | AV39: =SUM(AV38+AS39-AT39) -> 0 | AX39: 45773 | BA39: 0 | BB39: 1 | BC39: DAA | BD39: =SUM(BD38+BA39-BB39) -> 22 | BF39: 45787 | BI39: 0 | BJ39: 2 | BK39: DAA | BL39: =SUM(BL38+BI39-BJ39) -> 18 | BN39: 45826 | BQ39: 0 | BR39: 1 | BS39: DAA | BT39: =SUM(BT38+BQ39-BR39) -> 9 | BV39: 45863 | BY39: 0 | BZ39: 1 | CA39: DAA | CB39: =SUM(CB38+BY39-BZ39) -> 0 | CD39: 45887 | CG39: 0 | CH39: 1 | CI39: DAA | CJ39: =SUM(CJ38+CG39-CH39) -> 2 | CR39: =SUM(CR38+CO39-CP39) -> 0
B40: 45589 | E40: 0 | F40: 1 | G40: DAA | H40: =SUM(H39+E40-F40) -> 22 | J40: 45626 | M40: 0 | N40: 1 | O40: DAA | P40: =SUM(P39+M40-N40) -> 14 | R40: 45640 | U40: 0 | V40: 2 | W40: DAA | X40: =SUM(X39+U40-V40) -> 9 | Z40: 45675 | AC40: 0 | AD40: 1 | AE40: DAA | AF40: =SUM(AF39+AC40-AD40) -> 3 | AN40: =SUM(AN39+AK40-AL40) -> 1 | AV40: =SUM(AV39+AS40-AT40) -> 0 | BD40: =SUM(BD39+BA40-BB40) -> 22 | BF40: 45792 | BI40: 0 | BJ40: 2 | BK40: DAA | BL40: =SUM(BL39+BI40-BJ40) -> 16 | BN40: 45830 | BQ40: 0 | BR40: 2 | BS40: DAA | BT40: =SUM(BT39+BQ40-BR40) -> 7 | CB40: =SUM(CB39+BY40-BZ40) -> 0 | CD40: 45892 | CG40: 0 | CH40: 1 | CI40: DAA | CJ40: =SUM(CJ39+CG40-CH40) -> 1 | CR40: =SUM(CR39+CO40-CP40) -> 0
B41: 45590 | E41: 0 | F41: 2 | G41: DAA | H41: =SUM(H40+E41-F41) -> 20 | P41: =SUM(P40+M41-N41) -> 14 | R41: 45647 | U41: 0 | V41: 2 | W41: DAA | X41: =SUM(X40+U41-V41) -> 7 | Z41: 45677 | AC41: 0 | AD41: 1 | AE41: DAA | AF41: =SUM(AF40+AC41-AD41) -> 2 | AN41: =SUM(AN40+AK41-AL41) -> 1 | AV41: =SUM(AV40+AS41-AT41) -> 0 | BD41: =SUM(BD40+BA41-BB41) -> 22 | BF41: 45803 | BI41: 0 | BJ41: 2 | BK41: DAA | BL41: =SUM(BL40+BI41-BJ41) -> 14 | BN41: 45836 | BQ41: 0 | BR41: 1 | BS41: DAA | BT41: =SUM(BT40+BQ41-BR41) -> 6 | CB41: =SUM(CB40+BY41-BZ41) -> 0 | CD41: 45899 | CG41: 0 | CH41: 1 | CI41: DAA | CJ41: =SUM(CJ40+CG41-CH41) -> 0 | CR41: =SUM(CR40+CO41-CP41) -> 0
B42: 45591 | E42: 0 | F42: 1 | G42: DAA | H42: =SUM(H41+E42-F42) -> 19 | P42: =SUM(P41+M42-N42) -> 14 | X42: =SUM(X41+U42-V42) -> 7 | AF42: =SUM(AF41+AC42-AD42) -> 2 | AN42: =SUM(AN41+AK42-AL42) -> 1 | AV42: =SUM(AV41+AS42-AT42) -> 0 | BD42: =SUM(BD41+BA42-BB42) -> 22 | BF42: 45799 | BI42: 0 | BJ42: 1 | BK42: DG | BL42: =SUM(BL41+BI42-BJ42) -> 13 | BN42: 45838 | BQ42: 0 | BR42: 1 | BS42: DG | BT42: =SUM(BT41+BQ42-BR42) -> 5 | CB42: =SUM(CB41+BY42-BZ42) -> 0 | CJ42: =SUM(CJ41+CG42-CH42) -> 0 | CR42: =SUM(CR41+CO42-CP42) -> 0
B43: 45594 | E43: 0 | F43: 1 | G43: DAA | H43: =SUM(H42+E43-F43) -> 18 | P43: =SUM(P42+M43-N43) -> 14 | X43: =SUM(X42+U43-V43) -> 7 | AF43: =SUM(AF42+AC43-AD43) -> 2 | AN43: =SUM(AN42+AK43-AL43) -> 1 | AV43: =SUM(AV42+AS43-AT43) -> 0 | BD43: =SUM(BD42+BA43-BB43) -> 22 | BL43: =SUM(BL42+BI43-BJ43) -> 13 | BT43: =SUM(BT42+BQ43-BR43) -> 5 | CB43: =SUM(CB42+BY43-BZ43) -> 0 | CJ43: =SUM(CJ42+CG43-CH43) -> 0 | CR43: =SUM(CR42+CO43-CP43) -> 0
H44: =SUM(H43+E44-F44) -> 18 | P44: =SUM(P43+M44-N44) -> 14 | X44: =SUM(X43+U44-V44) -> 7 | AF44: =SUM(AF43+AC44-AD44) -> 2 | AN44: =SUM(AN43+AK44-AL44) -> 1 | AV44: =SUM(AV43+AS44-AT44) -> 0 | BD44: =SUM(BD43+BA44-BB44) -> 22 | BL44: =SUM(BL43+BI44-BJ44) -> 13 | BT44: =SUM(BT43+BQ44-BR44) -> 5 | CB44: =SUM(CB43+BY44-BZ44) -> 0 | CJ44: =SUM(CJ43+CG44-CH44) -> 0 | CR44: =SUM(CR43+CO44-CP44) -> 0
B45: Alcool | J45: Alcool | R45: Alcool | Z45: Alcool | AH45: Alcool | AP45: Alcool | AX45: Alcool | BF45: Alcool | BN45: Alcool | BV45: Alcool | CD45: Alcool | CL45: Alcool
E46: Rentree | F46: Sortie | G46: Direction | H46: Stock | M46: Rentree | N46: Sortie | O46: Direction | P46: Stock | U46: Rentree | V46: Sortie | W46: Direction | X46: Stock | AC46: Rentree | AD46: Sortie | AE46: Direction | AF46: Stock | AK46: Rentree | AL46: Sortie | AM46: Direction | AN46: Stock | AS46: Rentree | AT46: Sortie | AU46: Direction | AV46: Stock | BA46: Rentrée | BB46: Sortie | BC46: Direction | BD46: Stock | BI46: Rentree | BJ46: Sortie | BK46: Direction | BL46: Stock | BQ46: Rentree | BR46: Sortie | BS46: Direction | BT46: Stock | BY46: Rentree | BZ46: Sortie | CA46: Direction | CB46: Stock | CG46: Rentree | CH46: Sortie | CI46: Direction | CJ46: Stock | CO46: Rentree | CP46: Sortie | CQ46: Direction | CR46: Stock
B47: Stock 30 Sept.24 | E47: gallons | F47: gallons | H47: 12 | J47: Stock 31 Oct. 24 | M47: gallons | N47: gallons | P47: 11 | R47: Stock 30 Nov. 24 | U47: gallons | V47: gallons | X47: 10 | Z47: Stock 31 Déc. 24 | AC47: gallons | AD47: gallons | AF47: 9 | AH47: Stock 31 Jan. 25 | AK47: gallons | AL47: gallons | AN47: 6 | AP47: Stock 28 Fév. 25 | AS47: gallons | AT47: gallons | AV47: 3 | AX47: Stock 31 Mars. 25 | BA47: gallons | BB47: gallons | BD47: 2 | BF47: Stock 30 Avril. 25 | BI47: gallons | BJ47: gallons | BL47: 14 | BN47: Stock 31 Mai. 25 | BQ47: gallons | BR47: gallons | BT47: 11 | BV47: Stock 30 Juin. 25 | BY47: gallons | BZ47: gallons | CB47: 8 | CD47: Stock 31 Juil. 25 | CG47: gallons | CH47: gallons | CJ47: =CB50 -> 6 | CL47: Stock 31 Août. 24 | CO47: gallons | CP47: gallons | CR47: =CJ50 -> 5
B48: 45569 | E48: 0 | F48: 1 | G48: DAA | H48: =SUM(H47+E48-F48) -> 11 | J48: 45604 | M48: 0 | N48: 1 | O48: DAA | P48: =SUM(P47+M48-N48) -> 10 | R48: 45644 | U48: 0 | V48: 1 | W48: DAA | X48: =SUM(X47+U48-V48) -> 9 | Z48: 45667 | AC48: 0 | AD48: 1 | AE48: DAA | AF48: =SUM(AF47+AC48-AD48) -> 8 | AH48: 45689 | AK48: 0 | AL48: 1 | AM48: DAA | AN48: =SUM(AN47+AK48-AL48) -> 5 | AP48: 45726 | AS48: 0 | AT48: 1 | AU48: DAA | AV48: =SUM(AV47+AS48-AT48) -> 2 | AX48: 45762 | BA48: 12 | BB48: 0 | BC48: DAA | BD48: =SUM(BD47+BA48-BB48) -> 14 | BF48: 45782 | BI48: 0 | BJ48: 1 | BK48: DAA | BL48: =SUM(BL47+BI48-BJ48) -> 13 | BN48: 45822 | BQ48: 0 | BR48: 1 | BS48: DAA | BT48: =SUM(BT47+BQ48-BR48) -> 10 | BV48: 45842 | BY48: 0 | BZ48: 1 | CA48: DAA | CB48: =SUM(CB47+BY48-BZ48) -> 7 | CD48: 45870 | CG48: 0 | CH48: 1 | CI48: DAA | CJ48: =SUM(CJ47+CG48-CH48) -> 5 | CL48: 45908 | CO48: 0 | CP48: 1 | CQ48: DAA | CR48: =CJ51 -> 5
H49: =SUM(H48+E49-F49) -> 11 | P49: =SUM(P48+M49-N49) -> 10 | X49: =SUM(X48+U49-V49) -> 9 | Z49: 45672 | AC49: 0 | AD49: 1 | AE49: DAA | AF49: =SUM(AF48+AC49-AD49) -> 7 | AH49: 45702 | AK49: 0 | AL49: 1 | AM49: DAA | AN49: =SUM(AN48+AK49-AL49) -> 4 | AP49: 45740 | AS49: 0 | AT49: 1 | AU49: DAA | AV49: =SUM(AV48+AS49-AT49) -> 1 | BD49: =SUM(BD48+BA49-BB49) -> 14 | BF49: 45792 | BI49: 0 | BJ49: 1 | BK49: DAA | BL49: =SUM(BL48+BI49-BJ49) -> 12 | BN49: 45830 | BQ49: 0 | BR49: 1 | BS49: DAA | BT49: =SUM(BT48+BQ49-BR49) -> 9 | BV49: 45863 | BY49: 0 | BZ49: 1 | CA49: DAA | CB49: =SUM(CB48+BY49-BZ49) -> 6 | CJ49: =SUM(CJ48+CG49-CH49) -> 5 | CL49: 45911 | CO49: 0 | CP49: 1 | CQ49: DG | CR49: =CJ52 -> 5
H50: =SUM(H49+E50-F50) -> 11 | P50: =SUM(P49+M50-N50) -> 10 | X50: =SUM(X49+U50-V50) -> 9 | Z50: 45684 | AC50: 0 | AD50: 1 | AE50: DAA | AF50: =SUM(AF49+AC50-AD50) -> 6 | AH50: 45710 | AK50: 0 | AL50: 1 | AM50: DAA | AN50: =SUM(AN49+AK50-AL50) -> 3 | AV50: =SUM(AV49+AS50-AT50) -> 1 | BD50: =SUM(BD49+BA50-BB50) -> 14 | BF50: 45803 | BI50: 0 | BJ50: 1 | BK50: DAA | BL50: =SUM(BL49+BI50-BJ50) -> 11 | BN50: 45836 | BQ50: 0 | BR50: 1 | BS50: DAA | BT50: =SUM(BT49+BQ50-BR50) -> 8 | CB50: =SUM(CB49+BY50-BZ50) -> 6 | CJ50: =SUM(CJ49+CG50-CH50) -> 5 | CR50: =CJ53 -> 5
H51: =SUM(H50+E51-F51) -> 11 | P51: =SUM(P50+M51-N51) -> 10 | X51: =SUM(X50+U51-V51) -> 9 | AF51: =SUM(AF50+AC51-AD51) -> 6 | AN51: =SUM(AN50+AK51-AL51) -> 3 | AV51: =SUM(AV50+AS51-AT51) -> 1 | BD51: =SUM(BD50+BA51-BB51) -> 14 | BL51: =SUM(BL50+BI51-BJ51) -> 11 | BT51: =SUM(BT50+BQ51-BR51) -> 8 | CB51: =SUM(CB50+BY51-BZ51) -> 6 | CJ51: =SUM(CJ50+CG51-CH51) -> 5 | CR51: =CJ54 -> 5
H52: =SUM(H51+E52-F52) -> 11 | P52: =SUM(P51+M52-N52) -> 10 | X52: =SUM(X51+U52-V52) -> 9 | AF52: =SUM(AF51+AC52-AD52) -> 6 | AN52: =SUM(AN51+AK52-AL52) -> 3 | AV52: =SUM(AV51+AS52-AT52) -> 1 | BD52: =SUM(BD51+BA52-BB52) -> 14 | BL52: =SUM(BL51+BI52-BJ52) -> 11 | BT52: =SUM(BT51+BQ52-BR52) -> 8 | CB52: =SUM(CB51+BY52-BZ52) -> 6 | CJ52: =SUM(CJ51+CG52-CH52) -> 5 | CR52: =CJ55 -> 5
H53: =SUM(H52+E53-F53) -> 11 | P53: =SUM(P52+M53-N53) -> 10 | X53: =SUM(X52+U53-V53) -> 9 | AF53: =SUM(AF52+AC53-AD53) -> 6 | AN53: =SUM(AN52+AK53-AL53) -> 3 | AV53: =SUM(AV52+AS53-AT53) -> 1 | BD53: =SUM(BD52+BA53-BB53) -> 14 | BL53: =SUM(BL52+BI53-BJ53) -> 11 | BT53: =SUM(BT52+BQ53-BR53) -> 8 | CB53: =SUM(CB52+BY53-BZ53) -> 6 | CJ53: =SUM(CJ52+CG53-CH53) -> 5 | CR53: =CJ56 -> 5
H54: =SUM(H53+E54-F54) -> 11 | P54: =SUM(P53+M54-N54) -> 10 | X54: =SUM(X53+U54-V54) -> 9 | AF54: =SUM(AF53+AC54-AD54) -> 6 | AN54: =SUM(AN53+AK54-AL54) -> 3 | AV54: =SUM(AV53+AS54-AT54) -> 1 | BD54: =SUM(BD53+BA54-BB54) -> 14 | BL54: =SUM(BL53+BI54-BJ54) -> 11 | BT54: =SUM(BT53+BQ54-BR54) -> 8 | CB54: =SUM(CB53+BY54-BZ54) -> 6 | CJ54: =SUM(CJ53+CG54-CH54) -> 5 | CR54: =SUM(CR53+CO54-CP54) -> 5
H55: =SUM(H54+E55-F55) -> 11 | P55: =SUM(P54+M55-N55) -> 10 | X55: =SUM(X54+U55-V55) -> 9 | AF55: =SUM(AF54+AC55-AD55) -> 6 | AN55: =SUM(AN54+AK55-AL55) -> 3 | AV55: =SUM(AV54+AS55-AT55) -> 1 | BD55: =SUM(BD54+BA55-BB55) -> 14 | BL55: =SUM(BL54+BI55-BJ55) -> 11 | BT55: =SUM(BT54+BQ55-BR55) -> 8 | CB55: =SUM(CB54+BY55-BZ55) -> 6 | CJ55: =SUM(CJ54+CG55-CH55) -> 5 | CR55: =SUM(CR54+CO55-CP55) -> 5
H56: =SUM(H55+E56-F56) -> 11 | P56: =SUM(P55+M56-N56) -> 10 | X56: =SUM(X55+U56-V56) -> 9 | AF56: =SUM(AF55+AC56-AD56) -> 6 | AN56: =SUM(AN55+AK56-AL56) -> 3 | AV56: =SUM(AV55+AS56-AT56) -> 1 | BD56: =SUM(BD55+BA56-BB56) -> 14 | BL56: =SUM(BL55+BI56-BJ56) -> 11 | BT56: =SUM(BT55+BQ56-BR56) -> 8 | CB56: =SUM(CB55+BY56-BZ56) -> 6 | CJ56: =SUM(CJ55+CG56-CH56) -> 5 | CR56: =SUM(CR55+CO56-CP56) -> 5
H57: =SUM(H56+E57-F57) -> 11 | P57: =SUM(P56+M57-N57) -> 10 | X57: =SUM(X56+U57-V57) -> 9 | AF57: =SUM(AF56+AC57-AD57) -> 6 | AN57: =SUM(AN56+AK57-AL57) -> 3 | AV57: =SUM(AV56+AS57-AT57) -> 1 | BD57: =SUM(BD56+BA57-BB57) -> 14 | BL57: =SUM(BL56+BI57-BJ57) -> 11 | BT57: =SUM(BT56+BQ57-BR57) -> 8 | CB57: =SUM(CB56+BY57-BZ57) -> 6 | CJ57: =SUM(CJ56+CG57-CH57) -> 5 | CR57: =SUM(CR56+CO57-CP57) -> 5
B58: Balais (petits) | J58: Balais (petits) | R58: Balais (petits) | Z58: Balais (petits) | AH58: Balais (petits) | AP58: Balais (petits) | AX58: Balais (petits) | BF58: Balais (petits) | BN58: Balais (petits) | BV58: Balais (petits) | CD58: Balais (petits) | CL58: Balais (petits)
E59: Rentree | F59: Sortie | G59: Direction | H59: Stock | M59: Rentree | N59: Sortie | O59: Direction | P59: Stock | U59: Rentree | V59: Sortie | W59: Direction | X59: Stock | AC59: Rentree | AD59: Sortie | AE59: Direction | AF59: Stock | AK59: Rentree | AL59: Sortie | AM59: Direction | AN59: Stock | AS59: Rentree | AT59: Sortie | AU59: Direction | AV59: Stock | BA59: Rentree | BB59: Sortie | BC59: Direction | BD59: Stock | BI59: Rentree | BJ59: Sortie | BK59: Direction | BL59: Stock | BQ59: Rentree | BR59: Sortie | BS59: Direction | BT59: Stock | BY59: Rentree | BZ59: Sortie | CA59: Direction | CB59: Stock | CG59: Rentree | CH59: Sortie | CI59: Direction | CJ59: Stock | CO59: Rentree | CP59: Sortie | CQ59: Direction | CR59: Stock
B60: Stock 30 Sept.24 | E60: Unités | F60: Unités | H60: 3 | J60: Stock 31 Oct. 24 | M60: Unités | N60: Unités | P60: 3 | R60: Stock 30 Nov. 24 | U60: Unités | V60: Unités | X60: 3 | Z60: Stock 31 Déc. 24 | AC60: Unités | AD60: Unités | AF60: 3 | AH60: Stock 31 Jan. 25 | AK60: Unités | AL60: Unités | AN60: 3 | AP60: Stock 28 Fév. 25 | AS60: Unités | AT60: Unités | AV60: 3 | AX60: Stock 31 Mars. 25 | BA60: Unités | BB60: Unités | BD60: 2 | BF60: Stock 30 Avril. 25 | BI60: Unités | BJ60: Unités | BL60: 2 | BN60: Stock 31 Mai. 25 | BQ60: Unités | BR60: Unités | BT60: 2 | BV60: Stock 30 Juin. 25 | BY60: Unités | BZ60: Unités | CB60: 2 | CD60: Stock 31 Juil. 25 | CG60: Unités | CH60: Unités | CJ60: =CB61 -> 2 | CL60: Stock 31 Août. 24 | CO60: Unités | CP60: Unités | CR60: =CJ60 -> 2
H61: =SUM(H60+E61-F61) -> 3 | P61: =SUM(P60+M61-N61) -> 3 | X61: =SUM(X60+U61-V61) -> 3 | AF61: =SUM(AF60+AC61-AD61) -> 3 | AN61: =SUM(AN60+AK61-AL61) -> 3 | AP61: 45736 | AS61: 0 | AT61: 1 | AU61: DAA | AV61: =SUM(AV60+AS61-AT61) -> 2 | BD61: =SUM(BD60+BA61-BB61) -> 2 | BL61: =SUM(BL60+BI61-BJ61) -> 2 | BT61: =SUM(BT60+BQ61-BR61) -> 2 | CB61: =SUM(CB60+BY61-BZ61) -> 2 | CJ61: =SUM(CJ60+CG61-CH61) -> 2 | CR61: =SUM(CR60+CO61-CP61) -> 2
H62: =SUM(H61+E62-F62) -> 3 | P62: =SUM(P61+M62-N62) -> 3 | X62: =SUM(X61+U62-V62) -> 3 | AF62: =SUM(AF61+AC62-AD62) -> 3 | AN62: =SUM(AN61+AK62-AL62) -> 3 | AV62: =SUM(AV61+AS62-AT62) -> 2 | BD62: =SUM(BD61+BA62-BB62) -> 2 | BL62: =SUM(BL61+BI62-BJ62) -> 2 | BT62: =SUM(BT61+BQ62-BR62) -> 2 | CB62: =SUM(CB61+BY62-BZ62) -> 2 | CJ62: =SUM(CJ61+CG62-CH62) -> 2 | CR62: =SUM(CR61+CO62-CP62) -> 2
H63: =SUM(H62+E63-F63) -> 3 | P63: =SUM(P62+M63-N63) -> 3 | X63: =SUM(X62+U63-V63) -> 3 | AF63: =SUM(AF62+AC63-AD63) -> 3 | AN63: =SUM(AN62+AK63-AL63) -> 3 | AV63: =SUM(AV62+AS63-AT63) -> 2 | BD63: =SUM(BD62+BA63-BB63) -> 2 | BL63: =SUM(BL62+BI63-BJ63) -> 2 | BT63: =SUM(BT62+BQ63-BR63) -> 2 | CB63: =SUM(CB62+BY63-BZ63) -> 2 | CJ63: =SUM(CJ62+CG63-CH63) -> 2 | CR63: =SUM(CR62+CO63-CP63) -> 2
H64: =SUM(H63+E64-F64) -> 3 | P64: =SUM(P63+M64-N64) -> 3 | X64: =SUM(X63+U64-V64) -> 3 | AF64: =SUM(AF63+AC64-AD64) -> 3 | AN64: =SUM(AN63+AK64-AL64) -> 3 | AV64: =SUM(AV63+AS64-AT64) -> 2 | BD64: =SUM(BD63+BA64-BB64) -> 2 | BL64: =SUM(BL63+BI64-BJ64) -> 2 | BT64: =SUM(BT63+BQ64-BR64) -> 2 | CB64: =SUM(CB63+BY64-BZ64) -> 2 | CJ64: =SUM(CJ63+CG64-CH64) -> 2 | CR64: =SUM(CR63+CO64-CP64) -> 2
H65: =SUM(H64+E65-F65) -> 3 | P65: =SUM(P64+M65-N65) -> 3 | X65: =SUM(X64+U65-V65) -> 3 | AF65: =SUM(AF64+AC65-AD65) -> 3 | AN65: =SUM(AN64+AK65-AL65) -> 3 | AV65: =SUM(AV64+AS65-AT65) -> 2 | BD65: =SUM(BD64+BA65-BB65) -> 2 | BL65: =SUM(BL64+BI65-BJ65) -> 2 | BT65: =SUM(BT64+BQ65-BR65) -> 2 | CB65: =SUM(CB64+BY65-BZ65) -> 2 | CJ65: =SUM(CJ64+CG65-CH65) -> 2 | CR65: =SUM(CR64+CO65-CP65) -> 2
H66: =SUM(H65+E66-F66) -> 3 | P66: =SUM(P65+M66-N66) -> 3 | X66: =SUM(X65+U66-V66) -> 3 | AF66: =SUM(AF65+AC66-AD66) -> 3 | AN66: =SUM(AN65+AK66-AL66) -> 3 | AV66: =SUM(AV65+AS66-AT66) -> 2 | BD66: =SUM(BD65+BA66-BB66) -> 2 | BL66: =SUM(BL65+BI66-BJ66) -> 2 | BT66: =SUM(BT65+BQ66-BR66) -> 2 | CB66: =SUM(CB65+BY66-BZ66) -> 2 | CJ66: =SUM(CJ65+CG66-CH66) -> 2 | CR66: =SUM(CR65+CO66-CP66) -> 2
H67: =SUM(H66+E67-F67) -> 3 | P67: =SUM(P66+M67-N67) -> 3 | X67: =SUM(X66+U67-V67) -> 3 | AF67: =SUM(AF66+AC67-AD67) -> 3 | AN67: =SUM(AN66+AK67-AL67) -> 3 | AV67: =SUM(AV66+AS67-AT67) -> 2 | BD67: =SUM(BD66+BA67-BB67) -> 2 | BL67: =SUM(BL66+BI67-BJ67) -> 2 | BT67: =SUM(BT66+BQ67-BR67) -> 2 | CB67: =SUM(CB66+BY67-BZ67) -> 2 | CJ67: =SUM(CJ66+CG67-CH67) -> 2 | CR67: =SUM(CR66+CO67-CP67) -> 2
H68: =SUM(H67+E68-F68) -> 3 | P68: =SUM(P67+M68-N68) -> 3 | X68: =SUM(X67+U68-V68) -> 3 | AF68: =SUM(AF67+AC68-AD68) -> 3 | AN68: =SUM(AN67+AK68-AL68) -> 3 | AV68: =SUM(AV67+AS68-AT68) -> 2 | BD68: =SUM(BD67+BA68-BB68) -> 2 | BL68: =SUM(BL67+BI68-BJ68) -> 2 | BT68: =SUM(BT67+BQ68-BR68) -> 2 | CB68: =SUM(CB67+BY68-BZ68) -> 2 | CJ68: =SUM(CJ67+CG68-CH68) -> 2 | CR68: =SUM(CR67+CO68-CP68) -> 2
B69: Balais (gros) | J69: Balais (gros) | R69: Balais (gros) | Z69: Balais (gros) | AH69: Balais (gros) | AP69: Balais (gros) | AX69: Balais (gros) | BF69: Balais (gros) | BN69: Balais (gros) | BV69: Balais (gros) | CD69: Balais (gros) | CL69: Balais (gros)
E70: Rentree | F70: Sortie | G70: Direction | H70: Stock | M70: Rentree | N70: Sortie | O70: Direction | P70: Stock | U70: Rentree | V70: Sortie | W70: Direction | X70: Stock | AC70: Rentree | AD70: Sortie | AE70: Direction | AF70: Stock | AK70: Rentree | AL70: Sortie | AM70: Direction | AN70: Stock | AS70: Rentree | AT70: Sortie | AU70: Direction | AV70: Stock | BA70: Rentree | BB70: Sortie | BC70: Direction | BD70: Stock | BI70: Rentree | BJ70: Sortie | BK70: Direction | BL70: Stock | BQ70: Rentree | BR70: Sortie | BS70: Direction | BT70: Stock | BY70: Rentree | BZ70: Sortie | CA70: Direction | CB70: Stock | CG70: Rentree | CH70: Sortie | CI70: Direction | CJ70: Stock | CO70: Rentree | CP70: Sortie | CQ70: Direction | CR70: Stock
B71: Stock 30 Sept.24 | E71: Unités | F71: Unités | H71: 19 | J71: Stock 31 Oct. 24 | M71: Unités | N71: Unités | P71: 17 | R71: Stock 30 Nov. 24 | U71: Unités | V71: Unités | X71: 15 | Z71: Stock 31 Déc. 24 | AC71: Unités | AD71: Unités | AF71: 15 | AH71: Stock 31 Jan. 25 | AK71: Unités | AL71: Unités | AN71: 11 | AP71: Stock 28 Fév. 25 | AS71: Unités | AT71: Unités | AV71: 9 | AX71: Stock 31 Mars. 25 | BA71: Unités | BB71: Unités | BD71: 8 | BF71: Stock 30 Avril. 25 | BI71: Unités | BJ71: Unités | BL71: 19 | BN71: Stock 31 Mai. 25 | BQ71: Unités | BR71: Unités | BT71: 16 | BV71: Stock 30 Juin. 25 | BY71: Unités | BZ71: Unités | CB71: 16 | CD71: Stock 31 Juil. 25 | CG71: Unités | CH71: Unités | CJ71: =CB73 -> 14 | CL71: Stock 31 Août. 24 | CO71: Unités | CP71: Unités | CR71: =CJ72 -> 14
B72: 45577 | E72: 0 | F72: 1 | G72: DAA | H72: =SUM(H71+E72-F72) -> 18 | J72: 45609 | M72: 0 | N72: 1 | O72: DAA | P72: =SUM(P71+M72-N72) -> 16 | X72: =SUM(X71+U72-V72) -> 15 | Z72: 45663 | AC72: 0 | AD72: 2 | AE72: DAA | AF72: =SUM(AF71+AC72-AD72) -> 13 | AH72: 45696 | AK72: 0 | AL72: 1 | AM72: DAA | AN72: =SUM(AN71+AK72-AL72) -> 10 | AP72: 45724 | AS72: 0 | AT72: 1 | AU72: DAA | AV72: =SUM(AV71+AS72-AT72) -> 8 | AX72: 45762 | BA72: 12 | BB72: 0 | BC72: DAA | BD72: =SUM(BD71+BA72-BB72) -> 20 | BF72: 45783 | BI72: 0 | BJ72: 1 | BK72: DAA | BL72: =SUM(BL71+BI72-BJ72) -> 18 | BT72: =SUM(BT71+BQ72-BR72) -> 16 | BV72: 45843 | BY72: 0 | BZ72: 2 | CA72: DAA | CB72: =SUM(CB71+BY72-BZ72) -> 14 | CJ72: =SUM(CJ71+CG72-CH72) -> 14 | CR72: =CJ73 -> 14
B73: 45591 | E73: 0 | F73: 1 | G73: DAA | H73: =SUM(H72+E73-F73) -> 17 | J73: 45618 | M73: 0 | N73: 1 | O73: DAA | P73: =SUM(P72+M73-N73) -> 15 | X73: =SUM(X72+U73-V73) -> 15 | Z73: 45663 | AC73: 0 | AD73: 1 | AE73: DG | AF73: =SUM(AF72+AC73-AD73) -> 12 | AH73: 45714 | AK73: 0 | AL73: 1 | AM73: DAA | AN73: =SUM(AN72+AK73-AL73) -> 9 | AS73: 0 | AV73: =SUM(AV72+AS73-AT73) -> 8 | AX73: 45772 | BA73: 0 | BB73: 1 | BC73: DAA | BD73: =SUM(BD72+BA73-BB73) -> 19 | BF73: 45792 | BI73: 0 | BJ73: 1 | BK73: DAA | BL73: =SUM(BL72+BI73-BJ73) -> 17 | BT73: =SUM(BT72+BQ73-BR73) -> 16 | CB73: =SUM(CB72+BY73-BZ73) -> 14 | CJ73: =SUM(CJ72+CG73-CH73) -> 14 | CR73: =SUM(CR72+CO73-CP73) -> 14
H74: =SUM(H73+E74-F74) -> 17 | P74: =SUM(P73+M74-N74) -> 15 | X74: =SUM(X73+U74-V74) -> 15 | Z74: 45684 | AC74: 0 | AD74: 1 | AE74: DAA | AF74: =SUM(AF73+AC74-AD74) -> 11 | AN74: =SUM(AN73+AK74-AL74) -> 9 | AS74: 0 | AV74: =SUM(AV73+AS74-AT74) -> 8 | BD74: =SUM(BD73+BA74-BB74) -> 19 | BF74: 45807 | BI74: 0 | BJ74: 1 | BK74: DAA | BL74: =SUM(BL73+BI74-BJ74) -> 16 | BT74: =SUM(BT73+BQ74-BR74) -> 16 | CB74: =SUM(CB73+BY74-BZ74) -> 14 | CJ74: =SUM(CJ73+CG74-CH74) -> 14 | CR74: =SUM(CR73+CO74-CP74) -> 14
H75: =SUM(H74+E75-F75) -> 17 | P75: =SUM(P74+M75-N75) -> 15 | X75: =SUM(X74+U75-V75) -> 15 | AF75: =SUM(AF74+AC75-AD75) -> 11 | AN75: =SUM(AN74+AK75-AL75) -> 9 | AV75: =SUM(AV74+AS75-AT75) -> 8 | BD75: =SUM(BD74+BA75-BB75) -> 19 | BL75: =SUM(BL74+BI75-BJ75) -> 16 | BT75: =SUM(BT74+BQ75-BR75) -> 16 | CB75: =SUM(CB74+BY75-BZ75) -> 14 | CJ75: =SUM(CJ74+CG75-CH75) -> 14 | CR75: =SUM(CR74+CO75-CP75) -> 14
H76: =SUM(H75+E76-F76) -> 17 | P76: =SUM(P75+M76-N76) -> 15 | X76: =SUM(X75+U76-V76) -> 15 | AF76: =SUM(AF75+AC76-AD76) -> 11 | AN76: =SUM(AN75+AK76-AL76) -> 9 | AV76: =SUM(AV75+AS76-AT76) -> 8 | BD76: =SUM(BD75+BA76-BB76) -> 19 | BL76: =SUM(BL75+BI76-BJ76) -> 16 | BT76: =SUM(BT75+BQ76-BR76) -> 16 | CB76: =SUM(CB75+BY76-BZ76) -> 14 | CJ76: =SUM(CJ75+CG76-CH76) -> 14 | CR76: =SUM(CR75+CO76-CP76) -> 14
H77: =SUM(H76+E77-F77) -> 17 | P77: =SUM(P76+M77-N77) -> 15 | X77: =SUM(X76+U77-V77) -> 15 | AF77: =SUM(AF76+AC77-AD77) -> 11 | AN77: =SUM(AN76+AK77-AL77) -> 9 | AV77: =SUM(AV76+AS77-AT77) -> 8 | BD77: =SUM(BD76+BA77-BB77) -> 19 | BL77: =SUM(BL76+BI77-BJ77) -> 16 | BT77: =SUM(BT76+BQ77-BR77) -> 16 | CB77: =SUM(CB76+BY77-BZ77) -> 14 | CJ77: =SUM(CJ76+CG77-CH77) -> 14 | CR77: =SUM(CR76+CO77-CP77) -> 14
H78: =SUM(H77+E78-F78) -> 17 | P78: =SUM(P77+M78-N78) -> 15 | X78: =SUM(X77+U78-V78) -> 15 | AF78: =SUM(AF77+AC78-AD78) -> 11 | AN78: =SUM(AN77+AK78-AL78) -> 9 | AV78: =SUM(AV77+AS78-AT78) -> 8 | BD78: =SUM(BD77+BA78-BB78) -> 19 | BL78: =SUM(BL77+BI78-BJ78) -> 16 | BT78: =SUM(BT77+BQ78-BR78) -> 16 | CB78: =SUM(CB77+BY78-BZ78) -> 14 | CJ78: =SUM(CJ77+CG78-CH78) -> 14 | CR78: =SUM(CR77+CO78-CP78) -> 14
H79: =SUM(H78+E79-F79) -> 17 | P79: =SUM(P78+M79-N79) -> 15 | X79: =SUM(X78+U79-V79) -> 15 | AF79: =SUM(AF78+AC79-AD79) -> 11 | AN79: =SUM(AN78+AK79-AL79) -> 9 | AV79: =SUM(AV78+AS79-AT79) -> 8 | BD79: =SUM(BD78+BA79-BB79) -> 19 | BL79: =SUM(BL78+BI79-BJ79) -> 16 | BT79: =SUM(BT78+BQ79-BR79) -> 16 | CB79: =SUM(CB78+BY79-BZ79) -> 14 | CJ79: =SUM(CJ78+CG79-CH79) -> 14 | CR79: =SUM(CR78+CO79-CP79) -> 14
H80: =SUM(H79+E80-F80) -> 17 | P80: =SUM(P79+M80-N80) -> 15 | X80: =SUM(X79+U80-V80) -> 15 | AF80: =SUM(AF79+AC80-AD80) -> 11 | AN80: =SUM(AN79+AK80-AL80) -> 9 | AV80: =SUM(AV79+AS80-AT80) -> 8 | BD80: =SUM(BD79+BA80-BB80) -> 19 | BL80: =SUM(BL79+BI80-BJ80) -> 16 | BT80: =SUM(BT79+BQ80-BR80) -> 16 | CB80: =SUM(CB79+BY80-BZ80) -> 14 | CJ80: =SUM(CJ79+CG80-CH80) -> 14 | CR80: =SUM(CR79+CO80-CP80) -> 14
B81: Brosses | J81: Brosses | R81: Brosses (toilette) | Z81: Brosses | AH81: Brosses | AP81: Brosses | AX81: Brosses | BF81: Brosses | BN81: Brosses | BV81: Brosses | CD81: Brosses | CL81: Brosses
E82: Rentree | F82: Sortie | G82: Direction | H82: Stock | M82: Rentree | N82: Sortie | O82: Direction | P82: Stock | U82: Rentree | V82: Sortie | W82: Direction | X82: Stock | AC82: Rentree | AD82: Sortie | AE82: Direction | AF82: Stock | AK82: Rentree | AL82: Sortie | AM82: Direction | AN82: Stock | AS82: Rentree | AT82: Sortie | AU82: Direction | AV82: Stock | BA82: Rentree | BB82: Sortie | BC82: Direction | BD82: Stock | BI82: Rentree | BJ82: Sortie | BK82: Direction | BL82: Stock | BQ82: Rentree | BR82: Sortie | BS82: Direction | BT82: Stock | BY82: Rentree | BZ82: Sortie | CA82: Direction | CB82: Stock | CG82: Rentree | CH82: Sortie | CI82: Direction | CJ82: Stock | CO82: Rentree | CP82: Sortie | CQ82: Direction | CR82: Stock
B83: Stock 30 Sept.24 | E83: unités | F83: unités | H83: 0 | J83: Stock 31 Oct. 24 | M83: unités | N83: unités | P83: 0 | R83: Stock 30 Nov. 24 | U83: unités | V83: unités | X83: 0 | Z83: Stock 31 Déc. 24 | AC83: unités | AD83: unités | AF83: 0 | AH83: Stock 31 Jan. 25 | AK83: unités | AL83: unités | AN83: 0 | AP83: Stock 28 Fév. 25 | AS83: unités | AT83: unités | AV83: 0 | AX83: Stock 31 Mars. 25 | BA83: unités | BB83: unités | BD83: 0 | BF83: Stock 30 Avril. 25 | BI83: unités | BJ83: unités | BL83: 12 | BN83: Stock 31 Mai. 25 | BQ83: unités | BR83: unités | BT83: 11 | BV83: Stock 30 Juin. 25 | BY83: unités | BZ83: unités | CB83: 11 | CD83: Stock 31 Juil. 25 | CG83: unités | CH83: unités | CJ83: =CB84 -> 10 | CL83: Stock 31 Août. 24 | CO83: unités | CP83: unités | CR83: =CJ85 -> 8
H84: =SUM(H83+E84-F84) -> 0 | P84: =SUM(P83+M84-N84) -> 0 | X84: 0 | AF84: =SUM(AF83+AC84-AD84) -> 0 | AN84: =SUM(AN83+AK84-AL84) -> 0 | AV84: =SUM(AV83+AS84-AT84) -> 0 | AX84: 106 | BA84: 12 | BB84: 0 | BC84: DAA | BD84: =SUM(BD83+BA84-BB84) -> 12 | BF84: 45802 | BI84: 0 | BJ84: 1 | BK84: DAA | BL84: =SUM(BL83+BI84-BJ84) -> 11 | BT84: =SUM(BT83+BQ84-BR84) -> 11 | BV84: 45864 | BY84: 0 | BZ84: 1 | CA84: DAA | CB84: =CB83+BY84-BZ84 -> 10 | CD84: 45870 | CG84: 0 | CH84: 1 | CI84: DAA | CJ84: =SUM(CJ83+CG84-CH84) -> 9 | CR84: =SUM(CR83+CO84-CP84) -> 8
H85: =SUM(H84+E85-F85) -> 0 | P85: =SUM(P84+M85-N85) -> 0 | X85: 0 | AF85: =SUM(AF84+AC85-AD85) -> 0 | AN85: =SUM(AN84+AK85-AL85) -> 0 | AV85: =SUM(AV84+AS85-AT85) -> 0 | BD85: =SUM(BD84+BA85-BB85) -> 12 | BL85: =SUM(BL84+BI85-BJ85) -> 11 | BT85: =SUM(BT84+BQ85-BR85) -> 11 | CB85: =SUM(CB84+BY85-BZ85) -> 10 | CD85: 45894 | CG85: 0 | CH85: 1 | CI85: DAA | CJ85: =SUM(CJ84+CG85-CH85) -> 8 | CR85: =SUM(CR84+CO85-CP85) -> 8
H86: =SUM(H85+E86-F86) -> 0 | P86: =SUM(P85+M86-N86) -> 0 | X86: 0 | AF86: =SUM(AF85+AC86-AD86) -> 0 | AN86: =SUM(AN85+AK86-AL86) -> 0 | AV86: =SUM(AV85+AS86-AT86) -> 0 | BD86: =SUM(BD85+BA86-BB86) -> 12 | BL86: =SUM(BL85+BI86-BJ86) -> 11 | BT86: =SUM(BT85+BQ86-BR86) -> 11 | CB86: =SUM(CB85+BY86-BZ86) -> 10 | CJ86: =SUM(CJ85+CG86-CH86) -> 8 | CR86: =SUM(CR85+CO86-CP86) -> 8
H87: =SUM(H86+E87-F87) -> 0 | P87: =SUM(P86+M87-N87) -> 0 | X87: 0 | AF87: =SUM(AF86+AC87-AD87) -> 0 | AN87: =SUM(AN86+AK87-AL87) -> 0 | AV87: =SUM(AV86+AS87-AT87) -> 0 | BD87: =SUM(BD86+BA87-BB87) -> 12 | BL87: =SUM(BL86+BI87-BJ87) -> 11 | BT87: =SUM(BT86+BQ87-BR87) -> 11 | CB87: =SUM(CB86+BY87-BZ87) -> 10 | CJ87: =SUM(CJ86+CG87-CH87) -> 8 | CR87: =SUM(CR86+CO87-CP87) -> 8
H88: =SUM(H87+E88-F88) -> 0 | P88: =SUM(P87+M88-N88) -> 0 | X88: 0 | AF88: =SUM(AF87+AC88-AD88) -> 0 | AN88: =SUM(AN87+AK88-AL88) -> 0 | AV88: =SUM(AV87+AS88-AT88) -> 0 | BD88: =SUM(BD87+BA88-BB88) -> 12 | BL88: =SUM(BL87+BI88-BJ88) -> 11 | BT88: =SUM(BT87+BQ88-BR88) -> 11 | CB88: =SUM(CB87+BY88-BZ88) -> 10 | CJ88: =SUM(CJ87+CG88-CH88) -> 8 | CR88: =SUM(CR87+CO88-CP88) -> 8
H89: =SUM(H88+E89-F89) -> 0 | P89: =SUM(P88+M89-N89) -> 0 | X89: 0 | AF89: =SUM(AF88+AC89-AD89) -> 0 | AN89: =SUM(AN88+AK89-AL89) -> 0 | AV89: =SUM(AV88+AS89-AT89) -> 0 | BD89: =SUM(BD88+BA89-BB89) -> 12 | BL89: =SUM(BL88+BI89-BJ89) -> 11 | BT89: =SUM(BT88+BQ89-BR89) -> 11 | CB89: =SUM(CB88+BY89-BZ89) -> 10 | CJ89: =SUM(CJ88+CG89-CH89) -> 8 | CR89: =SUM(CR88+CO89-CP89) -> 8
H90: =SUM(H89+E90-F90) -> 0 | P90: =SUM(P89+M90-N90) -> 0 | X90: 0 | AF90: =SUM(AF89+AC90-AD90) -> 0 | AN90: =SUM(AN89+AK90-AL90) -> 0 | AV90: =SUM(AV89+AS90-AT90) -> 0 | BD90: =SUM(BD89+BA90-BB90) -> 12 | BL90: =SUM(BL89+BI90-BJ90) -> 11 | BT90: =SUM(BT89+BQ90-BR90) -> 11 | CB90: =SUM(CB89+BY90-BZ90) -> 10 | CJ90: =SUM(CJ89+CG90-CH90) -> 8 | CR90: =SUM(CR89+CO90-CP90) -> 8
H91: =SUM(H90+E91-F91) -> 0 | P91: =SUM(P90+M91-N91) -> 0 | X91: 0 | AF91: =SUM(AF90+AC91-AD91) -> 0 | AN91: =SUM(AN90+AK91-AL91) -> 0 | AV91: =SUM(AV90+AS91-AT91) -> 0 | BD91: =SUM(BD90+BA91-BB91) -> 12 | BL91: =SUM(BL90+BI91-BJ91) -> 11 | BT91: =SUM(BT90+BQ91-BR91) -> 11 | CB91: =SUM(CB90+BY91-BZ91) -> 10 | CJ91: =SUM(CJ90+CG91-CH91) -> 8 | CR91: =SUM(CR90+CO91-CP91) -> 8
H92: =SUM(H91+E92-F92) -> 0 | P92: =SUM(P91+M92-N92) -> 0 | X92: 0 | AF92: =SUM(AF91+AC92-AD92) -> 0 | AN92: =SUM(AN91+AK92-AL92) -> 0 | AV92: =SUM(AV91+AS92-AT92) -> 0 | BD92: =SUM(BD91+BA92-BB92) -> 12 | BL92: =SUM(BL91+BI92-BJ92) -> 11 | BT92: =SUM(BT91+BQ92-BR92) -> 11 | CB92: =SUM(CB91+BY92-BZ92) -> 10 | CJ92: =SUM(CJ91+CG92-CH92) -> 8 | CR92: =SUM(CR91+CO92-CP92) -> 8
H93: =SUM(H92+E93-F93) -> 0 | P93: =SUM(P92+M93-N93) -> 0 | X93: 0 | AF93: =SUM(AF92+AC93-AD93) -> 0 | AN93: =SUM(AN92+AK93-AL93) -> 0 | AV93: =SUM(AV92+AS93-AT93) -> 0 | BD93: =SUM(BD92+BA93-BB93) -> 12 | BL93: =SUM(BL92+BI93-BJ93) -> 11 | BT93: =SUM(BT92+BQ93-BR93) -> 11 | CB93: =SUM(CB92+BY93-BZ93) -> 10 | CJ93: =SUM(CJ92+CG93-CH93) -> 8 | CR93: =SUM(CR92+CO93-CP93) -> 8
B94: Baygon | J94: Baygon | R94: Baygon | Z94: Baygon | AH94: Baygon | AP94: Baygon | AX94: Baygon | BF94: Baygon | BN94: Baygon | BV94: Baygon | CD94: Baygon | CL94: Baygon
E95: Rentree | F95: Sortie | G95: Direction | H95: Stock | M95: Rentree | N95: Sortie | O95: Direction | P95: Stock | U95: Rentree | V95: Sortie | W95: Direction | X95: Stock | AC95: Rentree | AD95: Sortie | AE95: Direction | AF95: Stock | AK95: Rentree | AL95: Sortie | AM95: Direction | AN95: Stock | AS95: Rentree | AT95: Sortie | AU95: Direction | AV95: Stock | BA95: Rentree | BB95: Sortie | BC95: Direction | BD95: Stock | BI95: Rentree | BJ95: Sortie | BK95: Direction | BL95: Stock | BQ95: Rentree | BR95: Sortie | BS95: Direction | BT95: Stock | BY95: Rentree | BZ95: Sortie | CA95: Direction | CB95: Stock | CG95: Rentree | CH95: Sortie | CI95: Direction | CJ95: Stock | CO95: Rentree | CP95: Sortie | CQ95: Direction | CR95: Stock
B96: Stock 30 Sept.24 | E96: unités | F96: unités | H96: 0 | J96: Stock 31 Oct. 24 | M96: unités | N96: unités | P96: 0 | R96: Stock 30 Nov. 24 | U96: unités | V96: unités | X96: 0 | Z96: Stock 31 Déc. 24 | AC96: unités | AD96: unités | AF96: 0 | AH96: Stock 31 Jan. 25 | AK96: unités | AL96: unités | AN96: 0 | AP96: Stock 28 Fév. 25 | AS96: unités | AT96: unités | AV96: 0 | AX96: Stock 31 Mars. 25 | BA96: unités | BB96: unités | BD96: 0 | BF96: Stock 30 Avril. 25 | BI96: unités | BJ96: unités | BL96: 0 | BN96: Stock 31 Mai. 25 | BQ96: unités | BR96: unités | BT96: 0 | BV96: Stock 30 Juin. 25 | BY96: unités | BZ96: unités | CB96: 0 | CD96: Stock 31 Juil. 25 | CG96: unités | CH96: unités | CJ96: 0 | CL96: Stock 31 Août. 24 | CO96: unités | CP96: unités | CR96: 0
E97: 0 | H97: =SUM(H96+E97-F97) -> 0 | M97: 0 | P97: =SUM(P96+M97-N97) -> 0 | X97: =SUM(X96+U97-V97) -> 0 | AC97: 0 | AF97: =SUM(AF96+AC97-AD97) -> 0 | AK97: 0 | AN97: =SUM(AN96+AK97-AL97) -> 0 | AV97: =SUM(AV96+AS97-AT97) -> 0 | BD97: =SUM(BD96+BA97-BB97) -> 0 | BI97: 0 | BL97: =SUM(BL96+BI97-BJ97) -> 0 | BQ97: 0 | BT97: =SUM(BT96+BQ97-BR97) -> 0 | BY97: 0 | CB97: =SUM(CB96+BY97-BZ97) -> 0 | CG97: 0 | CJ97: =SUM(CJ96+CG97-CH97) -> 0 | CO97: 0 | CR97: =SUM(CR96+CO97-CP97) -> 0
H98: =SUM(H97+E98-F98) -> 0 | P98: =SUM(P97+M98-N98) -> 0 | X98: =SUM(X97+U98-V98) -> 0 | AF98: =SUM(AF97+AC98-AD98) -> 0 | AK98: 0 | AN98: =SUM(AN97+AK98-AL98) -> 0 | AV98: =SUM(AV97+AS98-AT98) -> 0 | BD98: =SUM(BD97+BA98-BB98) -> 0 | BI98: 0 | BL98: =SUM(BL97+BI98-BJ98) -> 0 | BT98: =SUM(BT97+BQ98-BR98) -> 0 | CB98: =SUM(CB97+BY98-BZ98) -> 0 | CJ98: =SUM(CJ97+CG98-CH98) -> 0 | CR98: =SUM(CR97+CO98-CP98) -> 0
H99: =SUM(H98+E99-F99) -> 0 | P99: =SUM(P98+M99-N99) -> 0 | X99: =SUM(X98+U99-V99) -> 0 | AF99: =SUM(AF98+AC99-AD99) -> 0 | AN99: =SUM(AN98+AK99-AL99) -> 0 | AV99: =SUM(AV98+AS99-AT99) -> 0 | BD99: =SUM(BD98+BA99-BB99) -> 0 | BL99: =SUM(BL98+BI99-BJ99) -> 0 | BT99: =SUM(BT98+BQ99-BR99) -> 0 | CB99: =SUM(CB98+BY99-BZ99) -> 0 | CJ99: =SUM(CJ98+CG99-CH99) -> 0 | CR99: =SUM(CR98+CO99-CP99) -> 0
H100: =SUM(H99+E100-F100) -> 0 | P100: =SUM(P99+M100-N100) -> 0 | X100: =SUM(X99+U100-V100) -> 0 | AF100: =SUM(AF99+AC100-AD100) -> 0 | AN100: =SUM(AN99+AK100-AL100) -> 0 | AV100: =SUM(AV99+AS100-AT100) -> 0 | BD100: =SUM(BD99+BA100-BB100) -> 0 | BL100: =SUM(BL99+BI100-BJ100) -> 0 | BT100: =SUM(BT99+BQ100-BR100) -> 0 | CB100: =SUM(CB99+BY100-BZ100) -> 0 | CJ100: =SUM(CJ99+CG100-CH100) -> 0 | CR100: =SUM(CR99+CO100-CP100) -> 0
H101: =SUM(H100+E101-F101) -> 0 | P101: =SUM(P100+M101-N101) -> 0 | X101: =SUM(X100+U101-V101) -> 0 | AF101: =SUM(AF100+AC101-AD101) -> 0 | AN101: =SUM(AN100+AK101-AL101) -> 0 | AV101: =SUM(AV100+AS101-AT101) -> 0 | BD101: =SUM(BD100+BA101-BB101) -> 0 | BL101: =SUM(BL100+BI101-BJ101) -> 0 | BT101: =SUM(BT100+BQ101-BR101) -> 0 | CB101: =SUM(CB100+BY101-BZ101) -> 0 | CJ101: =SUM(CJ100+CG101-CH101) -> 0 | CR101: =SUM(CR100+CO101-CP101) -> 0
H102: =SUM(H101+E102-F102) -> 0 | P102: =SUM(P101+M102-N102) -> 0 | X102: =SUM(X101+U102-V102) -> 0 | AF102: =SUM(AF101+AC102-AD102) -> 0 | AN102: =SUM(AN101+AK102-AL102) -> 0 | AV102: =SUM(AV101+AS102-AT102) -> 0 | BD102: =SUM(BD101+BA102-BB102) -> 0 | BL102: =SUM(BL101+BI102-BJ102) -> 0 | BT102: =SUM(BT101+BQ102-BR102) -> 0 | CB102: =SUM(CB101+BY102-BZ102) -> 0 | CJ102: =SUM(CJ101+CG102-CH102) -> 0 | CR102: =SUM(CR101+CO102-CP102) -> 0
H103: =SUM(H102+E103-F103) -> 0 | P103: =SUM(P102+M103-N103) -> 0 | X103: =SUM(X102+U103-V103) -> 0 | AF103: =SUM(AF102+AC103-AD103) -> 0 | AN103: =SUM(AN102+AK103-AL103) -> 0 | AV103: =SUM(AV102+AS103-AT103) -> 0 | BD103: =SUM(BD102+BA103-BB103) -> 0 | BL103: =SUM(BL102+BI103-BJ103) -> 0 | BT103: =SUM(BT102+BQ103-BR103) -> 0 | CB103: =SUM(CB102+BY103-BZ103) -> 0 | CJ103: =SUM(CJ102+CG103-CH103) -> 0 | CR103: =SUM(CR102+CO103-CP103) -> 0
H104: =SUM(H103+E104-F104) -> 0 | P104: =SUM(P103+M104-N104) -> 0 | X104: =SUM(X103+U104-V104) -> 0 | AF104: =SUM(AF103+AC104-AD104) -> 0 | AN104: =SUM(AN103+AK104-AL104) -> 0 | AV104: =SUM(AV103+AS104-AT104) -> 0 | BD104: =SUM(BD103+BA104-BB104) -> 0 | BL104: =SUM(BL103+BI104-BJ104) -> 0 | BT104: =SUM(BT103+BQ104-BR104) -> 0 | CB104: =SUM(CB103+BY104-BZ104) -> 0 | CJ104: =SUM(CJ103+CG104-CH104) -> 0 | CR104: =SUM(CR103+CO104-CP104) -> 0
...

Sheet B
BF1: 45796
B2: Direction Générale du Budget | J2: Direction Générale du Budget | R2: Direction Générale du Budget | Z2: Direction Générale du Budget | AH2: Direction Générale du Budget | AP2: Direction Générale du Budget | AX2: Direction Générale du Budget | BF2: Direction Générale du Budget | BN2: Direction Générale du Budget | BV2: Direction Générale du Budget | CD2: Direction Générale du Budget | CL2: Direction Générale du Budget
B3: Inventaire stocks fournitures | J3: Inventaire stocks fournitures | R3: Inventaire stocks fournitures | Z3: Inventaire stocks fournitures | AH3: Inventaire stocks fournitures | AP3: Inventaire stocks fournitures | AX3: Inventaire stocks fournitures | BF3: Inventaire stocks fournitures | BN3: Inventaire stocks fournitures | BV3: Inventaire stocks fournitures | CD3: Inventaire stocks fournitures | CL3: Inventaire stocks fournitures
B4: Exercice: 2024-2025 | J4: Exercice: 2024-2025 | R4: Exercice: 2024-2025 | Z4: Exercice: 2024-2025 | AH4: Exercice: 2024-2025 | AP4: Exercice: 2024-2025 | AX4: Exercice: 2024-2025 | BF4: Exercice: 2024-2025 | BN4: Exercice: 2024-2025 | BV4: Exercice: 2024-2025 | CD4: Exercice: 2024-2025 | CL4: Exercice: 2024-2025
B6: 45566 | J6: 45597 | R6: 45627 | Z6: 45658 | AH6: 45689 | AP6: 45717 | AX6: 45748 | BF6: 45778 | BN6: 45809 | BV6: 45839 | CD6: 45870 | CL6: 45901
B7: Articles divers | J7: Articles divers | R7: Articles divers
B9: Assiette en carton | J9: Assiette en carton | R9: Assiette en carton | Z9: Assiette en carton | AH9: Assiette en carton | AP9: Assiette en carton | AX9: Assiette en carton | BF9: Assiette en carton | BN9: Assiette en carton | BV9: Assiette en carton | CD9: Assiette en carton | CL9: Assiette en carton
E10: Rentree | F10: Sortie | G10: Direction | H10: Stock | M10: Rentree | N10: Sortie | O10: Direction | P10: Stock | U10: Rentree | V10: Sortie | W10: Direction | X10: Stock | AC10: Rentree | AD10: Sortie | AE10: Direction | AF10: Stock | AK10: Rentree | AL10: Sortie | AM10: Direction | AN10: Stock | AS10: Rentree | AT10: Sortie | AU10: Direction | AV10: Stock | BA10: Rentree | BB10: Sortie | BC10: Direction | BD10: Stock | BI10: Rentree | BJ10: Sortie | BK10: Direction | BL10: Stock | BQ10: Rentree | BR10: Sortie | BS10: Direction | BT10: Stock | BY10: Rentree | BZ10: Sortie | CA10: Direction | CB10: Stock | CG10: Rentree | CH10: Sortie | CI10: Direction | CJ10: Stock | CO10: Rentree | CP10: Sortie | CQ10: Direction | CR10: Stock
B11: Stock 30 Sept.24 | E11: Unités | F11: Unités | H11: 3300 | J11: Stock 31 Oct. 24 | M11: Unités | N11: Unités | P11: 2550 | R11: Stock 30 Nov. 24 | U11: Unités | V11: Unités | X11: 1900 | Z11: Stock 31 Déc. 24 | AC11: Unités | AD11: Unités | AF11: 1300 | AH11: Stock 31 Jan. 25 | AK11: Unités | AL11: Unités | AN11: 675 | AP11: Stock 28 Fév. 25 | AS11: Unités | AT11: Unités | AV11: 75 | AX11: Stock 31 Mars. 25 | BA11: Unités | BB11: Unités | BD11: 5525 | BF11: Stock 30 Avril. 25 | BI11: Unités | BJ11: Unités | BL11: 4920 | BN11: Stock 31 Mai. 25 | BQ11: Unités | BR11: Unités | BT11: 3920 | BV11: Stock 30 Juin. 25 | BY11: Unités | BZ11: Unités | CB11: =BT33 -> 2620 | CD11: Stock 31 Juil. 25 | CG11: Unités | CH11: Unités | CJ11: =CB38 -> 1195 | CL11: Stock 31 Août. 25 | CO11: Unités | CP11: Unités | CR11: =CJ38 -> 33
B12: 45566 | E12: 0 | F12: 50 | G12: DAA | H12: =SUM(H11+E12-F12) -> 3250 | J12: 45598 | M12: 0 | N12: 50 | O12: DG | P12: =SUM(P11+M12-N12) -> 2500 | R12: 45628 | U12: 0 | V12: 25 | W12: DAA | X12: =SUM(X11+U12-V12) -> 1875 | Z12: 45660 | AC12: 0 | AD12: 25 | AE12: DAA | AF12: =SUM(AF11+AC12-AD12) -> 1275 | AH12: 45691 | AK12: 0 | AL12: 50 | AM12: DAA | AN12: =SUM(AN11+AK12-AL12) -> 625 | AP12: 45722 | AS12: 0 | AT12: 25 | AU12: DAA | AV12: =SUM(AV11+AS12-AT12) -> 50 | AX12: 45748 | BA12: 0 | BB12: 25 | BC12: DAA | BD12: =SUM(BD11+BA12-BB12) -> 5500 | BF12: 45782 | BI12: 0 | BJ12: 50 | BK12: DAA | BL12: =SUM(BL11+BI12-BJ12) -> 4870 | BN12: 45810 | BQ12: 0 | BR12: 150 | BS12: DAA | BT12: =SUM(BT11+BQ12-BR12) -> 3770 | BV12: 183 | BY12: 0 | BZ12: 50 | CA12: DAA | CB12: =SUM(CB11+BY12-BZ12) -> 2570 | CD12: 45870 | CG12: 0 | CH12: 50 | CI12: DAA | CJ12: =SUM(CJ11+CG12-CH12) -> 1145 | CR12: =CJ39 -> 33
B13: 45566 | E13: 0 | F13: 50 | G13: DCB | H13: =SUM(H12+E13-F13) -> 3200 | J13: 45598 | M13: 0 | N13: 25 | O13: DAA | P13: =SUM(P12+M13-N13) -> 2475 | R13: 45628 | U13: 0 | V13: 25 | W13: DCB | X13: =SUM(X12+U13-V13) -> 1850 | Z13: 45661 | AC13: 0 | AD13: 25 | AE13: DAA | AF13: =SUM(AF12+AC13-AD13) -> 1250 | AH13: 45692 | AK13: 0 | AL13: 25 | AM13: DAA | AN13: =SUM(AN12+AK13-AL13) -> 600 | AP13: 45723 | AS13: 0 | AT13: 25 | AU13: DAA | AV13: =SUM(AV12+AS13-AT13) -> 25 | AX13: 45749 | BA13: 0 | BB13: 25 | BC13: DAA | BD13: =SUM(BD12+BA13-BB13) -> 5475 | BF13: 45783 | BI13: 0 | BJ13: 50 | BK13: DAA | BL13: =SUM(BL12+BI13-BJ13) -> 4820 | BN13: 45811 | BQ13: 0 | BR13: 50 | BS13: DAA | BT13: =SUM(BT12+BQ13-BR13) -> 3720 | BV13: 184 | BY13: 0 | BZ13: 50 | CA13: DAA | CB13: =SUM(CB12+BY13-BZ13) -> 2520 | CD13: 45873 | CG13: 0 | CH13: 50 | CI13: DAA | CJ13: =SUM(CJ12+CG13-CH13) -> 1095 | CR13: =SUM(CR12+CO13-CP13) -> 33
B14: 45567 | E14: 0 | F14: =17 -> 17 | G14: DAA | H14: =SUM(H13+E14-F14) -> 3183 | J14: 45600 | M14: 0 | N14: 25 | O14: DAA | P14: =SUM(P13+M14-N14) -> 2450 | R14: 45629 | U14: 0 | V14: 25 | W14: DAA | X14: =SUM(X13+U14-V14) -> 1825 | Z14: 45663 | AC14: 0 | AD14: 50 | AE14: DAA | AF14: =SUM(AF13+AC14-AD14) -> 1200 | AH14: 45693 | AK14: 0 | AL14: 25 | AM14: DAA | AN14: =SUM(AN13+AK14-AL14) -> 575 | AP14: 45726 | AS14: 5975 | AT14: 0 | AU14: DAA | AV14: =SUM(AV13+AS14-AT14) -> 6000 | AX14: 45750 | BA14: 0 | BB14: 25 | BC14: DAA | BD14: =SUM(BD13+BA14-BB14) -> 5450 | BF14: 45784 | BI14: 0 | BJ14: 25 | BK14: DAA | BL14: =SUM(BL13+BI14-BJ14) -> 4795 | BN14: 45812 | BQ14: 0 | BR14: 50 | BS14: DAA | BT14: =SUM(BT13+BQ14-BR14) -> 3670 | BV14: 185 | BY14: 0 | BZ14: 50 | CA14: DAA | CB14: =SUM(CB13+BY14-BZ14) -> 2470 | CD14: 45874 | CG14: 0 | CH14: 50 | CI14: DAA | CJ14: =SUM(CJ13+CG14-CH14) -> 1045 | CR14: =SUM(CR13+CO14-CP14) -> 33
B15: 45568 | E15: 0 | F15: 16 | G15: DAA | H15: =SUM(H14+E15-F15) -> 3167 | J15: 45601 | M15: 0 | N15: 25 | O15: DAA | P15: =SUM(P14+M15-N15) -> 2425 | R15: 45629 | U15: 0 | V15: 25 | W15: DS | X15: =SUM(X14+U15-V15) -> 1800 | Z15: 45664 | AC15: 0 | AD15: 25 | AE15: DAA | AF15: =SUM(AF14+AC15-AD15) -> 1175 | AH15: 45693 | AK15: 0 | AL15: 50 | AM15: DG | AN15: =SUM(AN14+AK15-AL15) -> 525 | AP15: 45727 | AS15: 0 | AT15: 25 | AU15: DAA | AV15: =SUM(AV14+AS15-AT15) -> 5975 | AX15: 45751 | BA15: 0 | BB15: 25 | BC15: DAA | BD15: =SUM(BD14+BA15-BB15) -> 5425 | BF15: 45784 | BI15: 0 | BJ15: 100 | BK15: DG | BL15: =SUM(BL14+BI15-BJ15) -> 4695 | BN15: 45813 | BQ15: 0 | BR15: 50 | BS15: DAA | BT15: =SUM(BT14+BQ15-BR15) -> 3620 | BV15: 186 | BY15: 0 | BZ15: 50 | CA15: DAA | CB15: =SUM(CB14+BY15-BZ15) -> 2420 | CD15: 45874 | CG15: 0 | CH15: 50 | CI15: DG | CJ15: =SUM(CJ14+CG15-CH15) -> 995 | CR15: =SUM(CR14+CO15-CP15) -> 33
B16: 45569 | E16: 0 | F16: 17 | G16: DSI | H16: =SUM(H15+E16-F16) -> 3150 | J16: 45601 | M16: 0 | N16: 100 | O16: DG | P16: =SUM(P15+M16-N16) -> 2325 | R16: 45630 | U16: 0 | V16: 25 | W16: DAA | X16: =SUM(X15+U16-V16) -> 1775 | Z16: 45665 | AC16: 0 | AD16: 25 | AE16: DAA | AF16: =SUM(AF15+AC16-AD16) -> 1150 | AH16: 45694 | AK16: 0 | AL16: 25 | AM16: DAA | AN16: =SUM(AN15+AK16-AL16) -> 500 | AP16: 45728 | AS16: 0 | AT16: 25 | AU16: DAA | AV16: =SUM(AV15+AS16-AT16) -> 5950 | AX16: 45752 | BA16: 0 | BB16: 25 | BC16: DAA | BD16: =SUM(BD15+BA16-BB16) -> 5400 | BF16: 45785 | BI16: 0 | BJ16: 100 | BK16: DAA | BL16: =SUM(BL15+BI16-BJ16) -> 4595 | BN16: 45814 | BQ16: 0 | BR16: 50 | BS16: DAA | BT16: =SUM(BT15+BQ16-BR16) -> 3570 | BV16: 187 | BY16: 0 | BZ16: 50 | CA16: DAA | CB16: =SUM(CB15+BY16-BZ16) -> 2370 | CD16: 45875 | CG16: 0 | CH16: 50 | CI16: DAA | CJ16: =SUM(CJ15+CG16-CH16) -> 945 | CR16: =SUM(CR15+CO16-CP16) -> 33
B17: 45570 | E17: 0 | F17: 16 | G17: DAA | H17: =SUM(H16+E17-F17) -> 3134 | J17: 45602 | M17: 0 | N17: 25 | O17: DAA | P17: =SUM(P16+M17-N17) -> 2300 | R17: 45631 | U17: 0 | V17: 25 | W17: DAA | X17: =SUM(X16+U17-V17) -> 1750 | Z17: 45666 | AC17: 0 | AD17: 50 | AE17: DAA | AF17: =SUM(AF16+AC17-AD17) -> 1100 | AH17: 45695 | AK17: 0 | AL17: 25 | AM17: DAA | AN17: =SUM(AN16+AK17-AL17) -> 475 | AP17: 45729 | AS17: 0 | AT17: 50 | AU17: DAA | AV17: =SUM(AV16+AS17-AT17) -> 5900 | AX17: 45754 | BA17: 0 | BB17: 25 | BC17: DAA | BD17: =SUM(BD16+BA17-BB17) -> 5375 | BF17: 45786 | BI17: 0 | BJ17: 50 | BK17: DAA | BL17: =SUM(BL16+BI17-BJ17) -> 4545 | BN17: 45817 | BQ17: 0 | BR17: 50 | BS17: DAA | BT17: =SUM(BT16+BQ17-BR17) -> 3520 | BV17: 188 | BY17: 0 | BZ17: 50 | CA17: DAA | CB17: =SUM(CB16+BY17-BZ17) -> 2320 | CD17: 45876 | CG17: 0 | CH17: 50 | CI17: DAA | CJ17: =SUM(CJ16+CG17-CH17) -> 895 | CR17: =SUM(CR16+CO17-CP17) -> 33
B18: 45572 | E18: 0 | F18: 17 | G18: DAA | H18: =SUM(H17+E18-F18) -> 3117 | J18: 45603 | M18: 0 | N18: 25 | O18: DAA | P18: =SUM(P17+M18-N18) -> 2275 | R18: 45632 | U18: 0 | V18: 25 | W18: DAA | X18: =SUM(X17+U18-V18) -> 1725 | Z18: 45667 | AC18: 0 | AD18: 25 | AE18: DAA | AF18: =SUM(AF17+AC18-AD18) -> 1075 | AH18: 45698 | AK18: 0 | AL18: 25 | AM18: DAA | AN18: =SUM(AN17+AK18-AL18) -> 450 | AP18: 45730 | AS18: 0 | AT18: 25 | AU18: DAA | AV18: =SUM(AV17+AS18-AT18) -> 5875 | AX18: 45755 | BA18: 0 | BB18: 25 | BC18: DAA | BD18: =SUM(BD17+BA18-BB18) -> 5350 | BF18: 45789 | BI18: 0 | BJ18: 50 | BK18: DAA | BL18: =SUM(BL17+BI18-BJ18) -> 4495 | BN18: 45818 | BQ18: 0 | BR18: 50 | BS18: DAA | BT18: =SUM(BT17+BQ18-BR18) -> 3470 | BV18: 189 | BY18: 0 | BZ18: 150 | CA18: DAA | CB18: =SUM(CB17+BY18-BZ18) -> 2170 | CD18: 45877 | CG18: 0 | CH18: 50 | CI18: DAA | CJ18: =SUM(CJ17+CG18-CH18) -> 845 | CR18: =SUM(CR17+CO18-CP18) -> 33
B19: 45572 | E19: 0 | F19: 17 | G19: DAA | H19: =SUM(H18+E19-F19) -> 3100 | J19: 45604 | M19: 0 | N19: 25 | O19: DAA | P19: =SUM(P18+M19-N19) -> 2250 | R19: 45635 | U19: 0 | V19: 50 | W19: DAA | X19: =SUM(X18+U19-V19) -> 1675 | Z19: 45670 | AC19: 0 | AD19: 25 | AE19: DAA | AF19: =SUM(AF18+AC19-AD19) -> 1050 | AH19: 45699 | AK19: 0 | AL19: 25 | AM19: DAA | AN19: =SUM(AN18+AK19-AL19) -> 425 | AP19: 45733 | AS19: 0 | AT19: 125 | AU19: DAA | AV19: =SUM(AV18+AS19-AT19) -> 5750 | AX19: 45756 | BA19: 0 | BB19: 50 | BC19: DAA | BD19: =SUM(BD18+BA19-BB19) -> 5300 | BF19: 45790 | BI19: 0 | BJ19: 50 | BK19: DAA | BL19: =SUM(BL18+BI19-BJ19) -> 4445 | BN19: 45819 | BQ19: 0 | BR19: 50 | BS19: DAA | BT19: =SUM(BT18+BQ19-BR19) -> 3420 | BV19: 190 | BY19: 0 | BZ19: 50 | CA19: DAA | CB19: =SUM(CB18+BY19-BZ19) -> 2120 | CD19: 45879 | CG19: 0 | CH19: 50 | CI19: DAA | CJ19: =SUM(CJ18+CG19-CH19) -> 795 | CR19: =SUM(CR18+CO19-CP19) -> 33
B20: 45573 | E20: 0 | F20: 25 | G20: DAA | H20: =SUM(H19+E20-F20) -> 3075 | J20: 45607 | M20: 0 | N20: 25 | O20: DAA | P20: =SUM(P19+M20-N20) -> 2225 | R20: 45636 | U20: 0 | V20: 25 | W20: DAA | X20: =SUM(X19+U20-V20) -> 1650 | Z20: 45671 | AC20: 0 | AD20: 25 | AE20: DAA | AF20: =SUM(AF19+AC20-AD20) -> 1025 | AH20: 45700 | AK20: 0 | AL20: 25 | AM20: DAA | AN20: =SUM(AN19+AK20-AL20) -> 400 | AP20: 45734 | AS20: 0 | AT20: 25 | AU20: DAA | AV20: =SUM(AV19+AS20-AT20) -> 5725 | AX20: 45757 | BA20: 0 | BB20: 25 | BC20: DAA | BD20: =SUM(BD19+BA20-BB20) -> 5275 | BF20: 45791 | BI20: 0 | BJ20: 25 | BK20: DAA | BL20: =SUM(BL19+BI20-BJ20) -> 4420 | BN20: 45820 | BQ20: 0 | BR20: 50 | BS20: DAA | BT20: =SUM(BT19+BQ20-BR20) -> 3370 | BV20: 191 | BY20: 0 | BZ20: 50 | CA20: DAA | CB20: =SUM(CB19+BY20-BZ20) -> 2070 | CD20: 45880 | CG20: 0 | CH20: 50 | CI20: DAA | CJ20: =SUM(CJ19+CG20-CH20) -> 745 | CR20: =SUM(CR19+CO20-CP20) -> 33
B21: 45573 | E21: 0 | F21: 50 | G21: DEPB | H21: =SUM(H20+E21-F21) -> 3025 | J21: 45608 | M21: 0 | N21: 25 | O21: DAA | P21: =SUM(P20+M21-N21) -> 2200 | R21: 45637 | U21: 0 | V21: 25 | W21: DAA | X21: =SUM(X20+U21-V21) -> 1625 | Z21: 45672 | AC21: 0 | AD21: 25 | AE21: DAA | AF21: =SUM(AF20+AC21-AD21) -> 1000 | AH21: 45701 | AK21: 0 | AL21: 25 | AM21: DAA | AN21: =SUM(AN20+AK21-AL21) -> 375 | AP21: 45735 | AS21: 0 | AT21: 25 | AU21: DAA | AV21: =SUM(AV20+AS21-AT21) -> 5700 | AX21: 45758 | BA21: 0 | BB21: 25 | BC21: DAA | BD21: =SUM(BD20+BA21-BB21) -> 5250 | BF21: 45792 | BI21: 0 | BJ21: 25 | BK21: DAA | BL21: =SUM(BL20+BI21-BJ21) -> 4395 | BN21: 45821 | BQ21: 0 | BR21: 50 | BS21: DAA | BT21: =SUM(BT20+BQ21-BR21) -> 3320 | BV21: 192 | BY21: 0 | BZ21: 50 | CA21: DAA | CB21: =SUM(CB20+BY21-BZ21) -> 2020 | CD21: 45881 | CG21: 0 | CH21: 50 | CI21: DAA | CJ21: =SUM(CJ20+CG21-CH21) -> 695 | CR21: =SUM(CR20+CO21-CP21) -> 33
B22: 45574 | E22: 0 | F22: 25 | G22: DCB | H22: =SUM(H21+E22-F22) -> 3000 | J22: 45609 | M22: 0 | N22: 25 | O22: DAA | P22: =SUM(P21+M22-N22) -> 2175 | R22: 45638 | U22: 0 | V22: 25 | W22: DAA | X22: =SUM(X21+U22-V22) -> 1600 | Z22: 45673 | AC22: 0 | AD22: 50 | AE22: DAA | AF22: =SUM(AF21+AC22-AD22) -> 950 | AH22: 45702 | AK22: 0 | AL22: 25 | AM22: DAA | AN22: =SUM(AN21+AK22-AL22) -> 350 | AP22: 45736 | AS22: 0 | AT22: 25 | AU22: DAA | AV22: =SUM(AV21+AS22-AT22) -> 5675 | AX22: 45761 | BA22: 0 | BB22: 50 | BC22: DAA | BD22: =SUM(BD21+BA22-BB22) -> 5200 | BF22: 45793 | BI22: 0 | BJ22: 25 | BK22: DAA | BL22: =SUM(BL21+BI22-BJ22) -> 4370 | BN22: 45824 | BQ22: 0 | BR22: 50 | BS22: DAA | BT22: =SUM(BT21+BQ22-BR22) -> 3270 | BV22: 193 | BY22: 0 | BZ22: 50 | CA22: DAA | CB22: =SUM(CB21+BY22-BZ22) -> 1970 | CD22: 45882 | CG22: 0 | CH22: 50 | CI22: DAA | CJ22: =SUM(CJ21+CG22-CH22) -> 645 | CR22: =SUM(CR21+CO22-CP22) -> 33
B23: 45575 | E23: 0 | F23: 25 | G23: DAA | H23: =SUM(H22+E23-F23) -> 2975 | J23: 45610 | M23: 0 | N23: 25 | O23: DAA | P23: =SUM(P22+M23-N23) -> 2150 | R23: 45639 | U23: 0 | V23: 25 | W23: DAA | X23: =SUM(X22+U23-V23) -> 1575 | Z23: 45674 | AC23: 0 | AD23: 25 | AE23: DAA | AF23: =SUM(AF22+AC23-AD23) -> 925 | AH23: 45705 | AK23: 0 | AL23: 25 | AM23: DAA | AN23: =SUM(AN22+AK23-AL23) -> 325 | AP23: 45737 | AS23: 0 | AT23: 25 | AU23: DAA | AV23: =SUM(AV22+AS23-AT23) -> 5650 | AX23: 45762 | BA23: 0 | BB23: 50 | BC23: DAA | BD23: =SUM(BD22+BA23-BB23) -> 5150 | BF23: 45796 | BI23: 0 | BJ23: 50 | BK23: DAA | BL23: =SUM(BL22+BI23-BJ23) -> 4320 | BN23: 45825 | BQ23: 0 | BR23: 50 | BS23: DAA | BT23: =SUM(BT22+BQ23-BR23) -> 3220 | BV23: 196 | BY23: 0 | BZ23: 50 | CA23: DAA | CB23: =SUM(CB22+BY23-BZ23) -> 1920 | CD23: 45882 | CG23: 0 | CH23: 50 | CI23: DAA/SAD | CJ23: =SUM(CJ22+CG23-CH23) -> 595 | CR23: =SUM(CR22+CO23-CP23) -> 33
B24: 45576 | E24: 0 | F24: 25 | G24: DAA | H24: =SUM(H23+E24-F24) -> 2950 | J24: 45611 | M24: 0 | N24: 25 | O24: DAA | P24: =SUM(P23+M24-N24) -> 2125 | R24: 45642 | U24: 0 | V24: 25 | W24: DAA | X24: =SUM(X23+U24-V24) -> 1550 | Z24: 45677 | AC24: 0 | AD24: 25 | AE24: DAA | AF24: =SUM(AF23+AC24-AD24) -> 900 | AH24: 45706 | AK24: 0 | AL24: 25 | AM24: DAA | AN24: =SUM(AN23+AK24-AL24) -> 300 | AP24: 45740 | AS24: 0 | AT24: 25 | AU24: DAA | AV24: =SUM(AV23+AS24-AT24) -> 5625 | AX24: 45768 | BA24: 0 | BB24: 25 | BC24: DAA | BD24: =SUM(BD23+BA24-BB24) -> 5125 | BF24: 45796 | BI24: 0 | BJ24: 100 | BK24: DG | BL24: =SUM(BL23+BI24-BJ24) -> 4220 | BN24: 45826 | BQ24: 0 | BR24: 50 | BS24: DAA | BT24: =SUM(BT23+BQ24-BR24) -> 3170 | BV24: 197 | BY24: 0 | BZ24: 50 | CA24: DAA | CB24: =SUM(CB23+BY24-BZ24) -> 1870 | CD24: 45874 | CG24: 0 | CH24: 50 | CI24: DCB | CJ24: =SUM(CJ23+CG24-CH24) -> 545 | CR24: =SUM(CR23+CO24-CP24) -> 33
B25: 45577 | E25: 0 | F25: 25 | G25: DAA | H25: =SUM(H24+E25-F25) -> 2925 | J25: 45616 | M25: 0 | N25: 25 | O25: DAA | P25: =SUM(P24+M25-N25) -> 2100 | R25: 45643 | U25: 0 | V25: 25 | W25: DAA | X25: =SUM(X24+U25-V25) -> 1525 | Z25: 45678 | AC25: 0 | AD25: 50 | AE25: DAA | AF25: =SUM(AF24+AC25-AD25) -> 850 | AH25: 45707 | AK25: 0 | AL25: 25 | AM25: DAA | AN25: =SUM(AN24+AK25-AL25) -> 275 | AP25: 45741 | AS25: 0 | AT25: 25 | AU25: DAA | AV25: =SUM(AV24+AS25-AT25) -> 5600 | AX25: 45769 | BA25: 0 | BB25: 25 | BC25: DAA | BD25: =SUM(BD24+BA25-BB25) -> 5100 | BF25: 45797 | BI25: 0 | BJ25: 25 | BK25: DAA | BL25: =SUM(BL24+BI25-BJ25) -> 4195 | BN25: 45827 | BQ25: 0 | BR25: 50 | BS25: DAA | BT25: =SUM(BT24+BQ25-BR25) -> 3120 | BV25: 198 | BY25: 0 | BZ25: 50 | CA25: DAA | CB25: =SUM(CB24+BY25-BZ25) -> 1820 | CD25: 229 | CG25: 0 | CH25: 12 | CI25: DAA | CJ25: =SUM(CJ24+CG25-CH25) -> 533 | CR25: =SUM(CR24+CO25-CP25) -> 33
B26: 45579 | E26: 0 | F26: 25 | G26: DAA | H26: =SUM(H25+E26-F26) -> 2900 | J26: 45617 | M26: 0 | N26: 25 | O26: DAA | P26: =SUM(P25+M26-N26) -> 2075 | R26: 45644 | U26: 0 | V26: 25 | W26: DAA | X26: =SUM(X25+U26-V26) -> 1500 | Z26: 45679 | AC26: 0 | AD26: 50 | AE26: DAA | AF26: =SUM(AF25+AC26-AD26) -> 800 | AH26: 45708 | AK26: 0 | AL26: 25 | AM26: DAA | AN26: =SUM(AN25+AK26-AL26) -> 250 | AP26: 45742 | AS26: 0 | AT26: 25 | AU26: DAA | AV26: =SUM(AV25+AS26-AT26) -> 5575 | AX26: 45770 | BA26: 0 | BB26: 25 | BC26: DAA | BD26: =SUM(BD25+BA26-BB26) -> 5075 | BF26: 45798 | BI26: 0 | BJ26: 25 | BK26: DAA | BL26: =SUM(BL25+BI26-BJ26) -> 4170 | BN26: 45828 | BQ26: 0 | BR26: 50 | BS26: DAA | BT26: =SUM(BT25+BQ26-BR26) -> 3070 | BV26: 199 | BY26: 0 | BZ26: 50 | CA26: DAA | CB26: =SUM(CB25+BY26-BZ26) -> 1770 | CD26: 45887 | CG26: 0 | CH26: 50 | CI26: DAA | CJ26: =SUM(CJ25+CG26-CH26) -> 483 | CR26: =SUM(CR25+CO26-CP26) -> 33
... B28: 45580 | E28: 0 | F28: 25 | G28: DAA | H28: =SUM(H27+E28-F28) -> 2850 | J28: 45621 | M28: 0 | N28: 25 | O28: DAA | P28: =SUM(P27+M28-N28) -> 2025 | R28: 45646 | U28: 0 | V28: 25 | W28: DAA | X28: =SUM(X27+U28-V28) -> 1450 | Z28: 45681 | AC28: 0 | AD28: 25 | AE28: DAA | AF28: =SUM(AF27+AC28-AD28) -> 750 | AH28: 45712 | AK28: 0 | AL28: 50 | AM28: DAA | AN28: =SUM(AN27+AK28-AL28) -> 175 | AP28: 45744 | AS28: 0 | AT28: 25 | AU28: DAA | AV28: =SUM(AV27+AS28-AT28) -> 5525 | AX28: 45772 | BA28: 0 | BB28: 25 | BC28: DAA | BD28: =SUM(BD27+BA28-BB28) -> 5025 | BF28: 45800 | BI28: 0 | BJ28: 50 | BK28: DAA | BL28: =SUM(BL27+BI28-BJ28) -> 4095 | BN28: 45832 | BQ28: 0 | BR28: 150 | BS28: DAA | BT28: =SUM(BT27+BQ28-BR28) -> 2820 | BV28: 203 | BY28: 0 | BZ28: 50 | CA28: DAA | CB28: =SUM(CB27+BY28-BZ28) -> 1670 | CD28: 45889 | CG28: 0 | CH28: 50 | CI28: DAA | CJ28: =SUM(CJ27+CG28-CH28) -> 383 | CR28: =SUM(CR27+CO28-CP28) -> 33
B29: 45581 | E29: 0 | F29: 25 | G29: DAA | H29: =SUM(H28+E29-F29) -> 2825 | J29: 45622 | M29: 0 | N29: 25 | O29: DAA | P29: =SUM(P28+M29-N29) -> 2000 | R29: 45649 | U29: 0 | V29: 25 | W29: DAA | X29: =SUM(X28+U29-V29) -> 1425 | Z29: 45684 | AC29: 0 | AD29: 25 | AE29: DAA | AF29: =SUM(AF28+AC29-AD29) -> 725 | AH29: 45713 | AK29: 0 | AL29: 25 | AM29: DAA | AN29: =SUM(AN28+AK29-AL29) -> 150 | AV29: =SUM(AV28+AS29-AT29) -> 5525 | AX29: 45772 | BA29: 0 | BB29: 30 | BC29: DEPB | BD29: =SUM(BD28+BA29-BB29) -> 4995 | BF29: 45803 | BI29: 0 | BJ29: 50 | BK29: DAA | BL29: =SUM(BL28+BI29-BJ29) -> 4045 | BN29: 45833 | BQ29: 0 | BR29: 50 | BS29: DAA | BT29: =SUM(BT28+BQ29-BR29) -> 2770 | BV29: 204 | BY29: 0 | BZ29: 50 | CA29: DAA | CB29: =SUM(CB28+BY29-BZ29) -> 1620 | CD29: 45890 | CG29: 0 | CH29: 50 | CI29: DAA | CJ29: =SUM(CJ28+CG29-CH29) -> 333 | CR29: =SUM(CR28+CO29-CP29) -> 33
B30: 45583 | E30: 0 | F30: 25 | G30: DAA | H30: =SUM(H29+E30-F30) -> 2800 | J30: 45623 | M30: 0 | N30: 50 | O30: DAA | P30: =SUM(P29+M30-N30) -> 1950 | R30: 45650 | U30: 0 | V30: 25 | W30: DAA | X30: =SUM(X29+U30-V30) -> 1400 | Z30: 45685 | AC30: 0 | AD30: 25 | AE30: DAA | AF30: =SUM(AF29+AC30-AD30) -> 700 | AH30: 45714 | AK30: 0 | AL30: 25 | AM30: DAA | AN30: =SUM(AN29+AK30-AL30) -> 125 | AV30: =SUM(AV29+AS30-AT30) -> 5525 | AX30: 45775 | BA30: 0 | BB30: 50 | BC30: DAA | BD30: =SUM(BD29+BA30-BB30) -> 4945 | BF30: 45804 | BI30: 0 | BJ30: 50 | BK30: DAA | BL30: =SUM(BL29+BI30-BJ30) -> 3995 | BN30: 45834 | BQ30: 0 | BR30: 50 | BS30: DAA | BT30: =SUM(BT29+BQ30-BR30) -> 2720 | BV30: 205 | BY30: 0 | BZ30: 50 | CA30: DAA | CB30: =SUM(CB29+BY30-BZ30) -> 1570 | CD30: 45891 | CG30: 0 | CH30: 50 | CI30: DAA | CJ30: =SUM(CJ29+CG30-CH30) -> 283 | CR30: =SUM(CR29+CO30-CP30) -> 33
B31: 45586 | E31: 0 | F31: 50 | G31: DAA | H31: =SUM(H30+E31-F31) -> 2750 | J31: 45624 | M31: 0 | N31: 25 | O31: DAA | P31: =SUM(P30+M31-N31) -> 1925 | R31: 45652 | U31: 0 | V31: 25 | W31: DAA | X31: =SUM(X30+U31-V31) -> 1375 | Z31: 45686 | AC31: 0 | AD31: 25 | AE31: DAA | AF31: =SUM(AF30+AC31-AD31) -> 675 | AH31: 45715 | AK31: 0 | AL31: 25 | AM31: DAA | AN31: =SUM(AN30+AK31-AL31) -> 100 | AV31: =SUM(AV30+AS31-AT31) -> 5525 | AX31: 45776 | BA31: 0 | BB31: 25 | BC31: DAA | BD31: =SUM(BD30+BA31-BB31) -> 4920 | BF31: 45805 | BI31: 0 | BJ31: 25 | BK31: DAA | BL31: =SUM(BL30+BI31-BJ31) -> 3970 | BN31: 45835 | BQ31: 0 | BR31: 50 | BS31: DAA | BT31: =SUM(BT30+BQ31-BR31) -> 2670 | BV31: 206 | BY31: 0 | BZ31: 75 | CA31: DAA | CB31: =SUM(CB30+BY31-BZ31) -> 1495 | CD31: 45892 | CG31: 0 | CH31: 50 | CI31: DAA | CJ31: =SUM(CJ30+CG31-CH31) -> 233 | CR31: =SUM(CR30+CO31-CP31) -> 33
B32: 45587 | E32: 0 | F32: 25 | G32: DAA | H32: =SUM(H31+E32-F32) -> 2725 | J32: 45625 | M32: 0 | N32: 25 | O32: DAA | P32: =SUM(P31+M32-N32) -> 1900 | R32: 45653 | U32: 0 | V32: 25 | W32: DAA | X32: =SUM(X31+U32-V32) -> 1350 | AF32: =SUM(AF31+AC32-AD32) -> 675 | AH32: 45716 | AK32: 0 | AL32: 25 | AM32: DAA | AN32: =SUM(AN31+AK32-AL32) -> 75 | AV32: =SUM(AV31+AS32-AT32) -> 5525 | BD32: =SUM(BD31+BA32-BB32) -> 4920 | BF32: 45806 | BI32: 0 | BJ32: 25 | BK32: DAA | BL32: =SUM(BL31+BI32-BJ32) -> 3945 | BN32: 45838 | BQ32: 0 | BR32: 50 | BS32: DAA | BT32: =SUM(BT31+BQ32-BR32) -> 2620 | BV32: 207 | BY32: 0 | BZ32: 50 | CA32: DAA | CB32: =SUM(CB31+BY32-BZ32) -> 1445 | CD32: 45893 | CG32: 0 | CH32: 50 | CI32: DAA | CJ32: =SUM(CJ31+CG32-CH32) -> 183 | CR32: =SUM(CR31+CO32-CP32) -> 33
B33: 45588 | E33: 0 | F33: 25 | G33: DAA | H33: =SUM(H32+E33-F33) -> 2700 | P33: =SUM(P32+M33-N33) -> 1900 | R33: 45656 | U33: 0 | V33: 25 | W33: DAA | X33: =SUM(X32+U33-V33) -> 1325 | AF33: =SUM(AF32+AC33-AD33) -> 675 | AN33: =SUM(AN32+AK33-AL33) -> 75 | AV33: =SUM(AV32+AS33-AT33) -> 5525 | BD33: =SUM(BD32+BA33-BB33) -> 4920 | BF33: 45807 | BI33: 0 | BJ33: 25 | BK33: DAA | BL33: =SUM(BL32+BI33-BJ33) -> 3920 | BT33: =SUM(BT32+BQ33-BR33) -> 2620 | BV33: 208 | BY33: 0 | BZ33: 50 | CA33: DAA | CB33: =SUM(CB32+BY33-BZ33) -> 1395 | CD33: 45894 | CG33: 0 | CH33: 25 | CI33: DAA | CJ33: =SUM(CJ32+CG33-CH33) -> 158 | CR33: =SUM(CR32+CO33-CP33) -> 33
B34: 45589 | E34: 0 | F34: 25 | G34: DAA | H34: =SUM(H33+E34-F34) -> 2675 | P34: =SUM(P33+M34-N34) -> 1900 | R34: 45657 | U34: 0 | V34: 25 | W34: DAA | X34: =SUM(X33+U34-V34) -> 1300 | AF34: =SUM(AF33+AC34-AD34) -> 675 | AN34: =SUM(AN33+AK34-AL34) -> 75 | AV34: =SUM(AV33+AS34-AT34) -> 5525 | BD34: =SUM(BD33+BA34-BB34) -> 4920 | BL34: =SUM(BL33+BI34-BJ34) -> 3920 | BT34: =SUM(BT33+BQ34-BR34) -> 2620 | BV34: 210 | BY34: 0 | BZ34: 50 | CA34: DAA | CB34: =SUM(CB33+BY34-BZ34) -> 1345 | CD34: 45895 | CG34: 0 | CH34: 25 | CI34: DAA | CJ34: =SUM(CJ33+CG34-CH34) -> 133 | CR34: =SUM(CR33+CO34-CP34) -> 33
B35: 45590 | E35: 0 | F35: 25 | G35: DAA | H35: =SUM(H34+E35-F35) -> 2650 | P35: =SUM(P34+M35-N35) -> 1900 | U35: 0 | X35: =SUM(X34+U35-V35) -> 1300 | AF35: =SUM(AF34+AC35-AD35) -> 675 | AN35: =SUM(AN34+AK35-AL35) -> 75 | AV35: =SUM(AV34+AS35-AT35) -> 5525 | BD35: =SUM(BD34+BA35-BB35) -> 4920 | BL35: =SUM(BL34+BI35-BJ35) -> 3920 | BT35: =SUM(BT34+BQ35-BR35) -> 2620 | BV35: 211 | BY35: 0 | BZ35: 50 | CA35: DAA | CB35: =SUM(CB34+BY35-BZ35) -> 1295 | CD35: 45896 | CG35: 0 | CH35: 25 | CI35: DAA | CJ35: =SUM(CJ34+CG35-CH35) -> 108 | CR35: =SUM(CR34+CO35-CP35) -> 33
B36: 45593 | E36: 0 | F36: 25 | G36: DAA | H36: =SUM(H35+E36-F36) -> 2625 | P36: =SUM(P35+M36-N36) -> 1900 | U36: 0 | X36: =SUM(X35+U36-V36) -> 1300 | AF36: =SUM(AF35+AC36-AD36) -> 675 | AN36: =SUM(AN35+AK36-AL36) -> 75 | AV36: =SUM(AV35+AS36-AT36) -> 5525 | BD36: =SUM(BD35+BA36-BB36) -> 4920 | BL36: =SUM(BL35+BI36-BJ36) -> 3920 | BT36: =SUM(BT35+BQ36-BR36) -> 2620 | BV36: 212 | BY36: 0 | BZ36: 50 | CA36: DAA | CB36: =SUM(CB35+BY36-BZ36) -> 1245 | CD36: 45897 | CG36: 0 | CH36: 25 | CI36: DAA | CJ36: =SUM(CJ35+CG36-CH36) -> 83 | CR36: =SUM(CR35+CO36-CP36) -> 33
B37: 45594 | E37: 0 | F37: 50 | G37: DAA | H37: =SUM(H36+E37-F37) -> 2575 | P37: =SUM(P36+M37-N37) -> 1900 | U37: 0 | X37: =SUM(X36+U37-V37) -> 1300 | AF37: =SUM(AF36+AC37-AD37) -> 675 | AN37: =SUM(AN36+AK37-AL37) -> 75 | AV37: =SUM(AV36+AS37-AT37) -> 5525 | BD37: =SUM(BD36+BA37-BB37) -> 4920 | BL37: =SUM(BL36+BI37-BJ37) -> 3920 | BT37: =SUM(BT36+BQ37-BR37) -> 2620 | BV37: 213 | BY37: 0 | BZ37: 50 | CA37: DAA | CB37: =SUM(CB36+BY37-BZ37) -> 1195 | CD37: 45898 | CG37: 0 | CH37: 25 | CI37: DAA | CJ37: =SUM(CJ36+CG37-CH37) -> 58 | CR37: =SUM(CR36+CO37-CP37) -> 33
B38: 45595 | E38: 0 | F38: 25 | G38: DAA | H38: =SUM(H37+E38-F38) -> 2550 | P38: =SUM(P37+M38-N38) -> 1900 | X38: =SUM(X37+U38-V38) -> 1300 | AF38: =SUM(AF37+AC38-AD38) -> 675 | AN38: =SUM(AN37+AK38-AL38) -> 75 | AV38: =SUM(AV37+AS38-AT38) -> 5525 | BD38: =SUM(BD37+BA38-BB38) -> 4920 | BL38: =SUM(BL37+BI38-BJ38) -> 3920 | BT38: =SUM(BT37+BQ38-BR38) -> 2620 | CB38: =SUM(CB37+BY38-BZ38) -> 1195 | CD38: 45899 | CG38: 0 | CH38: 25 | CI38: DAA | CJ38: =SUM(CJ37+CG38-CH38) -> 33 | CR38: =SUM(CR37+CO38-CP38) -> 33
H39: =SUM(H38+E39-F39) -> 2550 | P39: =SUM(P38+M39-N39) -> 1900 | X39: =SUM(X38+U39-V39) -> 1300 | AF39: =SUM(AF38+AC39-AD39) -> 675 | AN39: =SUM(AN38+AK39-AL39) -> 75 | AV39: =SUM(AV38+AS39-AT39) -> 5525 | BD39: =SUM(BD38+BA39-BB39) -> 4920 | BL39: =SUM(BL38+BI39-BJ39) -> 3920 | BT39: =SUM(BT38+BQ39-BR39) -> 2620 | CB39: =SUM(CB38+BY39-BZ39) -> 1195 | CG39: 0 | CJ39: =SUM(CJ38+CG39-CH39) -> 33 | CR39: =SUM(CR38+CO39-CP39) -> 33
H40: =SUM(H39+E40-F40) -> 2550 | P40: =SUM(P39+M40-N40) -> 1900 | X40: =SUM(X39+U40-V40) -> 1300 | AF40: =SUM(AF39+AC40-AD40) -> 675 | AN40: =SUM(AN39+AK40-AL40) -> 75 | AV40: =SUM(AV39+AS40-AT40) -> 5525 | BD40: =SUM(BD39+BA40-BB40) -> 4920 | BL40: =SUM(BL39+BI40-BJ40) -> 3920 | BT40: =SUM(BT39+BQ40-BR40) -> 2620 | CB40: =SUM(CB39+BY40-BZ40) -> 1195 | CG40: 0 | CJ40: =SUM(CJ39+CG40-CH40) -> 33 | CR40: =SUM(CR39+CO40-CP40) -> 33
H41: =SUM(H40+E41-F41) -> 2550 | P41: =SUM(P40+M41-N41) -> 1900 | X41: =SUM(X40+U41-V41) -> 1300 | AF41: =SUM(AF40+AC41-AD41) -> 675 | AN41: =SUM(AN40+AK41-AL41) -> 75 | AV41: =SUM(AV40+AS41-AT41) -> 5525 | BD41: =SUM(BD40+BA41-BB41) -> 4920 | BL41: =SUM(BL40+BI41-BJ41) -> 3920 | BT41: =SUM(BT40+BQ41-BR41) -> 2620 | CB41: =SUM(CB40+BY41-BZ41) -> 1195 | CG41: 0 | CJ41: =SUM(CJ40+CG41-CH41) -> 33 | CR41: =SUM(CR40+CO41-CP41) -> 33
H42: =SUM(H41+E42-F42) -> 2550 | P42: =SUM(P41+M42-N42) -> 1900 | X42: =SUM(X37+U42-V42) -> 1300 | AF42: =SUM(AF41+AC42-AD42) -> 675 | AN42: =SUM(AN41+AK42-AL42) -> 75 | AV42: =SUM(AV41+AS42-AT42) -> 5525 | BD42: =SUM(BD41+BA42-BB42) -> 4920 | BL42: =SUM(BL41+BI42-BJ42) -> 3920 | BT42: =SUM(BT41+BQ42-BR42) -> 2620 | CB42: =SUM(CB41+BY42-BZ42) -> 1195 | CJ42: =SUM(CJ41+CG42-CH42) -> 33 | CR42: =SUM(CR41+CO42-CP42) -> 33
H43: =SUM(H42+E43-F43) -> 2550 | P43: =SUM(P42+M43-N43) -> 1900 | X43: =SUM(X42+U43-V43) -> 1300 | AF43: =SUM(AF42+AC43-AD43) -> 675 | AN43: =SUM(AN42+AK43-AL43) -> 75 | AV43: =SUM(AV42+AS43-AT43) -> 5525 | BD43: =SUM(BD42+BA43-BB43) -> 4920 | BL43: =SUM(BL42+BI43-BJ43) -> 3920 | BT43: =SUM(BT42+BQ43-BR43) -> 2620 | CB43: =SUM(CB42+BY43-BZ43) -> 1195 | CJ43: =SUM(CJ42+CG43-CH43) -> 33 | CR43: =SUM(CR42+CO43-CP43) -> 33
H44: =SUM(H43+E44-F44) -> 2550 | P44: =SUM(P43+M44-N44) -> 1900 | X44: =SUM(X43+U44-V44) -> 1300 | AF44: =SUM(AF43+AC44-AD44) -> 675 | AN44: =SUM(AN43+AK44-AL44) -> 75 | AV44: =SUM(AV43+AS44-AT44) -> 5525 | BD44: =SUM(BD43+BA44-BB44) -> 4920 | BL44: =SUM(BL43+BI44-BJ44) -> 3920 | BT44: =SUM(BT43+BQ44-BR44) -> 2620 | CB44: =SUM(CB43+BY44-BZ44) -> 1195 | CJ44: =SUM(CJ43+CG44-CH44) -> 33 | CR44: =SUM(CR43+CO44-CP44) -> 33
B45: Café | J45: Café | R45: Café | Z45: Café | AH45: Café | AP45: Café | AX45: Café | BF45: Café | BN45: Café | BV45: Café | CD45: Café | CL45: Café
E46: Rentree | F46: Sortie | G46: Direction | H46: Stock | M46: Rentree | N46: Sortie | O46: Direction | P46: Stock | U46: Rentree | V46: Sortie | W46: Direction | X46: Stock | AC46: Rentree | AD46: Sortie | AE46: Direction | AF46: Stock | AK46: Rentree | AL46: Sortie | AM46: Direction | AN46: Stock | AS46: Rentree | AT46: Sortie | AU46: Direction | AV46: Stock | BA46: Rentree | BB46: Sortie | BC46: Direction | BD46: Stock | BI46: Rentree | BJ46: Sortie | BK46: Direction | BL46: Stock | BQ46: Rentree | BR46: Sortie | BS46: Direction | BT46: Stock | BY46: Rentree | BZ46: Sortie | CA46: Direction | CB46: Stock | CG46: Rentree | CH46: Sortie | CI46: Direction | CJ46: Stock | CO46: Rentree | CP46: Sortie | CQ46: Direction | CR46: Stock
B47: Stock 30 Sept.24 | E47: Unités | F47: Unités | H47: 343 | J47: Stock 31 Oct. 24 | M47: Unités | N47: Unités | P47: 312 | R47: Stock 30 Nov. 24 | U47: Unités | V47: Unités | X47: 292 | Z47: Stock 31 Déc. 24 | AC47: Unités | AD47: Unités | AF47: 234 | AH47: Stock 31 Jan. 25 | AK47: Unités | AL47: Unités | AN47: 173 | AP47: Stock 28 Fév. 25 | AS47: Unités | AT47: Unités | AV47: 128 | AX47: Stock 31 Mars. 25 | BA47: Unités | BB47: Unités | BD47: 346 | BF47: Stock 30 Avril. 25 | BI47: Unités | BJ47: Unités | BL47: 303 | BN47: Stock 31 Mai. 25 | BQ47: Unités | BR47: Unités | BT47: =BL70 -> 245 | BV47: Stock 30 Juin. 25 | BY47: Unités | BZ47: Unités | CB47: =BT68 -> 200 | CD47: Stock 31 Juil. 25 | CG47: Unités | CH47: Unités | CJ47: =CB76 -> 140 | CL47: Stock 31 Août. 25 | CO47: Unités | CP47: Unités | CR47: =CJ71 -> 122
B48: 45566 | E48: 0 | F48: 1 | G48: DAA | H48: =SUM(H47+E48-F48) -> 342 | J48: 45600 | M48: 0 | N48: 1 | O48: DAA | P48: =SUM(P47+M48-N48) -> 311 | R48: 45628 | U48: 0 | V48: 1 | W48: DAA | X48: =SUM(X47+U48-V48) -> 291 | Z48: 45660 | AC48: 0 | AD48: 2 | AE48: DAA | AF48: =SUM(AF47+AC48-AD48) -> 232 | AH48: 45691 | AK48: 0 | AL48: 2 | AM48: DAA | AN48: =SUM(AN47+AK48-AL48) -> 171 | AP48: 45722 | AS48: 0 | AT48: 1 | AU48: DAA | AV48: =SUM(AV47+AS48-AT48) -> 127 | AX48: 45748 | BA48: 0 | BB48: 2 | BC48: DAA | BD48: =SUM(BD47+BA48-BB48) -> 344 | BF48: 45782 | BI48: 0 | BJ48: 2 | BK48: DAA | BL48: =SUM(BL47+BI48-BJ48) -> 301 | BN48: 45810 | BQ48: 0 | BR48: 2 | BS48: DAA | BT48: =SUM(BT47+BQ48-BR48) -> 243 | BV48: 45839 | BY48: 0 | BZ48: 2 | CA48: DAA | CB48: =SUM(CB47+BY48-BZ48) -> 198 | CD48: 45873 | CG48: 0 | CH48: 2 | CI48: DAA | CJ48: =SUM(CJ47+CG48-CH48) -> 138 | CL48: 45901 | CO48: 0 | CP48: 3 | CQ48: DAA | CR48: =SUM(CR47+CO48-CP48) -> 119
B49: 45567 | E49: 0 | F49: 1 | G49: DAA | H49: =SUM(H48+E49-F49) -> 341 | J49: 45601 | M49: 0 | N49: 1 | O49: DAA | P49: =SUM(P48+M49-N49) -> 310 | R49: 45629 | U49: 0 | V49: 1 | W49: DAA | X49: =SUM(X48+U49-V49) -> 290 | Z49: 45661 | AC49: 0 | AD49: 2 | AE49: DAA | AF49: =SUM(AF48+AC49-AD49) -> 230 | AH49: 45692 | AK49: 0 | AL49: 2 | AM49: DAA | AN49: =SUM(AN48+AK49-AL49) -> 169 | AP49: 45723 | AS49: 0 | AT49: 2 | AU49: DAA | AV49: =SUM(AV48+AS49-AT49) -> 125 | AX49: 45749 | BA49: 0 | BB49: 2 | BC49: DAA | BD49: =SUM(BD48+BA49-BB49) -> 342 | BF49: 45783 | BI49: 0 | BJ49: 2 | BK49: DAA | BL49: =SUM(BL48+BI49-BJ49) -> 299 | BN49: 45811 | BQ49: 0 | BR49: 2 | BS49: DAA | BT49: =SUM(BT48+BQ49-BR49) -> 241 | BV49: 45840 | BY49: 0 | BZ49: 2 | CA49: DAA | CB49: =SUM(CB48+BY49-BZ49) -> 196 | CD49: 45874 | CG49: 0 | CH49: 2 | CI49: DAA | CJ49: =SUM(CJ48+CG49-CH49) -> 136 | CL49: 45902 | CO49: 0 | CP49: 3 | CQ49: DAA | CR49: =SUM(CR48+CO49-CP49) -> 116
B50: 45568 | E50: 0 | F50: 1 | G50: DAA | H50: =SUM(H49+E50-F50) -> 340 | J50: 45602 | M50: 0 | N50: 2 | O50: DAA | P50: =SUM(P49+M50-N50) -> 308 | R50: 45630 | U50: 0 | V50: 1 | W50: DAA | X50: =SUM(X49+U50-V50) -> 289 | Z50: 45663 | AC50: 0 | AD50: 2 | AE50: DAA | AF50: =SUM(AF49+AC50-AD50) -> 228 | AH50: 45693 | AK50: 0 | AL50: 2 | AM50: DAA | AN50: =SUM(AN49+AK50-AL50) -> 167 | AP50: 45726 | AS50: 0 | AT50: 2 | AU50: DAA | AV50: =SUM(AV49+AS50-AT50) -> 123 | AX50: 45750 | BA50: 0 | BB50: 2 | BC50: DAA | BD50: =SUM(BD49+BA50-BB50) -> 340 | BF50: 45784 | BI50: 0 | BJ50: 2 | BK50: DAA | BL50: =SUM(BL49+BI50-BJ50) -> 297 | BN50: 45812 | BQ50: 0 | BR50: 2 | BS50: DAA | BT50: =SUM(BT49+BQ50-BR50) -> 239 | BV50: 45841 | BY50: 0 | BZ50: 2 | CA50: DAA | CB50: =SUM(CB49+BY50-BZ50) -> 194 | CD50: 45875 | CG50: 0 | CH50: 2 | CI50: DAA | CJ50: =SUM(CJ49+CG50-CH50) -> 134 | CL50: 45903 | CO50: 0 | CP50: 3 | CQ50: DAA | CR50: =SUM(CR49+CO50-CP50) -> 113
B51: 45569 | E51: 0 | F51: 1 | G51: DAA | H51: =SUM(H50+E51-F51) -> 339 | J51: 45603 | M51: 0 | N51: 2 | O51: DAA | P51: =SUM(P50+M51-N51) -> 306 | R51: 45631 | U51: 0 | V51: 1 | W51: DAA | X51: =SUM(X50+U51-V51) -> 288 | Z51: 45663 | AC51: 0 | AD51: 20 | AE51: DG | AF51: =SUM(AF50+AC51-AD51) -> 208 | AH51: 45694 | AK51: 0 | AL51: 2 | AM51: DAA | AN51: =SUM(AN50+AK51-AL51) -> 165 | AP51: 45727 | AS51: 0 | AT51: 2 | AU51: DAA | AV51: =SUM(AV50+AS51-AT51) -> 121 | AX51: 45751 | BA51: 0 | BB51: 2 | BC51: DAA | BD51: =SUM(BD50+BA51-BB51) -> 338 | BF51: 45784 | BI51: 0 | BJ51: 7 | BK51: DG | BL51: =SUM(BL50+BI51-BJ51) -> 290 | BN51: 45813 | BQ51: 0 | BR51: 2 | BS51: DAA | BT51: =SUM(BT50+BQ51-BR51) -> 237 | BV51: 45842 | BY51: 0 | BZ51: 2 | CA51: DAA | CB51: =SUM(CB50+BY51-BZ51) -> 192 | CD51: 45876 | CG51: 0 | CH51: 2 | CI51: DAA | CJ51: =SUM(CJ50+CG51-CH51) -> 132 | CL51: 45904 | CO51: 0 | CP51: 3 | CQ51: DAA | CR51: =SUM(CR50+CO51-CP51) -> 110
B52: 45570 | E52: 0 | F52: 1 | G52: DAA | H52: =SUM(H51+E52-F52) -> 338 | J52: 45604 | M52: 0 | N52: 1 | O52: DAA | P52: =SUM(P51+M52-N52) -> 305 | R52: 45631 | U52: 0 | V52: 20 | W52: DG | X52: =SUM(X51+U52-V52) -> 268 | Z52: 45664 | AC52: 0 | AD52: 1 | AE52: DAA | AF52: =SUM(AF51+AC52-AD52) -> 207 | AH52: 45695 | AK52: 0 | AL52: 2 | AM52: DAA | AN52: =SUM(AN51+AK52-AL52) -> 163 | AP52: 45727 | AS52: 270 | AT52: 0 | AU52: DAA | AV52: =SUM(AV51+AS52-AT52) -> 391 | AX52: 45752 | BA52: 0 | BB52: 2 | BC52: DAA | BD52: =SUM(BD51+BA52-BB52) -> 336 | BF52: 45785 | BI52: 0 | BJ52: 2 | BK52: DAA | BL52: =SUM(BL51+BI52-BJ52) -> 288 | BN52: 45814 | BQ52: 0 | BR52: 2 | BS52: DAA | BT52: =SUM(BT51+BQ52-BR52) -> 235 | BV52: 45843 | BY52: 0 | BZ52: 2 | CA52: DAA | CB52: =SUM(CB51+BY52-BZ52) -> 190 | CD52: 45877 | CG52: 0 | CH52: 3 | CI52: DG | CJ52: =SUM(CJ51+CG52-CH52) -> 129 | CL52: 45905 | CO52: 0 | CP52: 3 | CQ52: DAA | CR52: =SUM(CR51+CO52-CP52) -> 107
B53: 45572 | E53: 0 | F53: 1 | G53: DAA | H53: =SUM(H52+E53-F53) -> 337 | J53: 45605 | M53: 0 | N53: 1 | O53: DAA | P53: =SUM(P52+M53-N53) -> 304 | R53: 45632 | U53: 0 | V53: 1 | W53: DAA | X53: =SUM(X52+U53-V53) -> 267 | Z53: 45665 | AC53: 0 | AD53: 1 | AE53: DAA | AF53: =SUM(AF52+AC53-AD53) -> 206 | AH53: 45698 | AK53: 0 | AL53: 2 | AM53: DAA | AN53: =SUM(AN52+AK53-AL53) -> 161 | AP53: 45728 | AS53: 0 | AT53: 2 | AU53: DAA | AV53: =SUM(AV52+AS53-AT53) -> 389 | AX53: 45754 | BA53: 0 | BB53: 2 | BC53: DAA | BD53: =SUM(BD52+BA53-BB53) -> 334 | BF53: 45786 | BI53: 0 | BJ53: 2 | BK53: DAA | BL53: =SUM(BL52+BI53-BJ53) -> 286 | BN53: 45817 | BQ53: 0 | BR53: 2 | BS53: DAA | BT53: =SUM(BT52+BQ53-BR53) -> 233 | BV53: 45844 | BY53: 0 | BZ53: 2 | CA53: DAA | CB53: =SUM(CB52+BY53-BZ53) -> 188 | CD53: 45877 | CG53: 0 | CH53: 2 | CI53: DAA | CJ53: =SUM(CJ52+CG53-CH53) -> 127 | CL53: 45908 | CO53: 0 | CP53: 2 | CQ53: DAA | CR53: =SUM(CR52+CO53-CP53) -> 105
B54: 45573 | E54: 0 | F54: 1 | G54: DAA | H54: =SUM(H53+E54-F54) -> 336 | J54: 45607 | M54: 0 | N54: 1 | O54: DAA | P54: =SUM(P53+M54-N54) -> 303 | R54: 45635 | U54: 0 | V54: 2 | W54: DAA | X54: =SUM(X53+U54-V54) -> 265 | Z54: 45666 | AC54: 0 | AD54: 2 | AE54: DAA | AF54: =SUM(AF53+AC54-AD54) -> 204 | AH54: 45699 | AK54: 0 | AL54: 2 | AM54: DAA | AN54: =SUM(AN53+AK54-AL54) -> 159 | AP54: 45729 | AS54: 0 | AT54: 20 | AU54: DG | AV54: =SUM(AV53+AS54-AT54) -> 369 | AX54: 45755 | BA54: 0 | BB54: 2 | BC54: DAA | BD54: =SUM(BD53+BA54-BB54) -> 332 | BF54: 45787 | BI54: 0 | BJ54: 2 | BK54: DAA | BL54: =SUM(BL53+BI54-BJ54) -> 284 | BN54: 45818 | BQ54: 0 | BR54: 1 | BS54: DAA | BT54: =SUM(BT53+BQ54-BR54) -> 232 | BV54: 45845 | BY54: 0 | BZ54: 2 | CA54: DAA | CB54: =SUM(CB53+BY54-BZ54) -> 186 | CD54: 45878 | CG54: 0 | CH54: 2 | CI54: DAA | CJ54: =SUM(CJ53+CG54-CH54) -> 125 | CL54: 45904 | CO54: 150 | CP54: 0 | CQ54: DAA | CR54: =SUM(CR53+CO54-CP54) -> 255
B55: 45574 | E55: 0 | F55: 10 | G55: DG | H55: =SUM(H54+E55-F55) -> 326 | J55: 45608 | M55: 0 | N55: 1 | O55: DAA | P55: =SUM(P54+M55-N55) -> 302 | R55: 45636 | U55: 0 | V55: 1 | W55: DAA | X55: =SUM(X54+U55-V55) -> 264 | Z55: 45667 | AC55: 0 | AD55: 2 | AE55: DAA | AF55: =SUM(AF54+AC55-AD55) -> 202 | AH55: 45700 | AK55: 0 | AL55: 2 | AM55: DAA | AN55: =SUM(AN54+AK55-AL55) -> 157 | AP55: 45729 | AS55: 0 | AT55: 2 | AU55: DAA | AV55: =SUM(AV54+AS55-AT55) -> 367 | AX55: 45756 | BA55: 0 | BB55: 2 | BC55: DAA | BD55: =SUM(BD54+BA55-BB55) -> 330 | BF55: 45789 | BI55: 0 | BJ55: 2 | BK55: DAA | BL55: =SUM(BL54+BI55-BJ55) -> 282 | BN55: 45818 | BQ55: 0 | BR55: 8 | BS55: DG | BT55: =SUM(BT54+BQ55-BR55) -> 224 | BV55: 45846 | BY55: 0 | BZ55: 2 | CA55: DAA | CB55: =SUM(CB54+BY55-BZ55) -> 184 | CD55: 45880 | CG55: 0 | CH55: 2 | CI55: DAA | CJ55: =SUM(CJ54+CG55-CH55) -> 123 | CL55: 45909 | CO55: 0 | CP55: 3 | CQ55: DAA | CR55: =SUM(CR54+CO55-CP55) -> 252
B56: 45575 | E56: 0 | F56: 1 | G56: DAA | H56: =SUM(H55+E56-F56) -> 325 | J56: 45609 | M56: 0 | N56: 1 | O56: DAA | P56: =SUM(P55+M56-N56) -> 301 | R56: 45637 | U56: 0 | V56: 1 | W56: DAA | X56: =SUM(X55+U56-V56) -> 263 | Z56: 45668 | AC56: 0 | AD56: 1 | AE56: DAA | AF56: =SUM(AF55+AC56-AD56) -> 201 | AH56: 45701 | AK56: 0 | AL56: 2 | AM56: DAA | AN56: =SUM(AN55+AK56-AL56) -> 155 | AP56: 45730 | AS56: 0 | AT56: 2 | AU56: DAA | AV56: =SUM(AV55+AS56-AT56) -> 365 | AX56: 45757 | BA56: 0 | BB56: 2 | BC56: DAA | BD56: =SUM(BD55+BA56-BB56) -> 328 | BF56: 45790 | BI56: 0 | BJ56: 2 | BK56: DAA | BL56: =SUM(BL55+BI56-BJ56) -> 280 | BN56: 45820 | BQ56: 0 | BR56: 2 | BS56: DAA | BT56: =SUM(BT55+BQ56-BR56) -> 222 | BV56: 45847 | BY56: 0 | BZ56: 2 | CA56: DAA | CB56: =SUM(CB55+BY56-BZ56) -> 182 | CD56: 45881 | CG56: 0 | CH56: 2 | CI56: DAA | CJ56: =SUM(CJ55+CG56-CH56) -> 121 | CL56: 45910 | CO56: 0 | CP56: 3 | CQ56: DAA | CR56: =SUM(CR55+CO56-CP56) -> 249
B57: 45576 | E57: 0 | F57: 1 | G57: DAA | H57: =SUM(H56+E57-F57) -> 324 | J57: 45610 | M57: 0 | N57: 1 | O57: DAA | P57: =SUM(P56+M57-N57) -> 300 | R57: 45638 | U57: 0 | V57: 1 | W57: DAA | X57: =SUM(X56+U57-V57) -> 262 | Z57: 45670 | AC57: 0 | AD57: 2 | AE57: DAA | AF57: =SUM(AF56+AC57-AD57) -> 199 | AH57: 45702 | AK57: 0 | AL57: 2 | AM57: DAA | AN57: =SUM(AN56+AK57-AL57) -> 153 | AP57: 45731 | AS57: 0 | AT57: 2 | AU57: DAA | AV57: =SUM(AV56+AS57-AT57) -> 363 | AX57: 45758 | BA57: 0 | BB57: 1 | BC57: DAA | BD57: =SUM(BD56+BA57-BB57) -> 327 | BF57: 45791 | BI57: 0 | BJ57: 2 | BK57: DAA | BL57: =SUM(BL56+BI57-BJ57) -> 278 | BN57: 45821 | BQ57: 0 | BR57: 2 | BS57: DAA | BT57: =SUM(BT56+BQ57-BR57) -> 220 | BV57: 45847 | BY57: 0 | BZ57: 4 | CA57: DG | CB57: =SUM(CB56+BY57-BZ57) -> 178 | CD57: 45882 | CG57: 0 | CH57: 2 | CI57: DAA | CJ57: =SUM(CJ56+CG57-CH57) -> 119 | CL57: 45911 | CO57: 0 | CP57: 3 | CQ57: DAA | CR57: =SUM(CR56+CO57-CP57) -> 246
B58: 45577 | E58: 0 | F58: 1 | G58: DAA | H58: =SUM(H57+E58-F58) -> 323 | J58: 45611 | M58: 0 | N58: 1 | O58: DAA | P58: =SUM(P57+M58-N58) -> 299 | R58: 45639 | U58: 0 | V58: 1 | W58: DAA | X58: =SUM(X57+U58-V58) -> 261 | Z58: 45671 | AC58: 0 | AD58: 2 | AE58: DAA | AF58: =SUM(AF57+AC58-AD58) -> 197 | AH58: 45705 | AK58: 0 | AL58: 2 | AM58: DAA | AN58: =SUM(AN57+AK58-AL58) -> 151 | AP58: 45733 | AS58: 0 | AT58: 2 | AU58: DAA | AV58: =SUM(AV57+AS58-AT58) -> 361 | AX58: 45758 | BA58: 0 | BB58: 10 | BC58: DG | BD58: =SUM(BD57+BA58-BB58) -> 317 | BF58: 45792 | BI58: 0 | BJ58: 2 | BK58: DAA | BL58: =SUM(BL57+BI58-BJ58) -> 276 | BN58: 45824 | BQ58: 0 | BR58: 2 | BS58: DAA | BT58: =SUM(BT57+BQ58-BR58) -> 218 | BV58: 45848 | BY58: 0 | BZ58: 2 | CA58: DAA | CB58: =SUM(CB57+BY58-BZ58) -> 176 | CD58: 45885 | CG58: 0 | CH58: 2 | CI58: DAA | CJ58: =SUM(CJ57+CG58-CH58) -> 117 | CL58: 45912 | CO58: 0 | CP58: 2 | CQ58: DAA | CR58: =SUM(CR57+CO58-CP58) -> 244
B59: 45579 | E59: 0 | F59: 1 | G59: DAA | H59: =SUM(H58+E59-F59) -> 322 | J59: 45616 | M59: 0 | N59: 1 | O59: DAA | P59: =SUM(P58+M59-N59) -> 298 | R59: 45640 | U59: 0 | V59: 5 | W59: DAA | X59: =SUM(X58+U59-V59) -> 256 | Z59: 45672 | AC59: 0 | AD59: 2 | AE59: DAA | AF59: =SUM(AF58+AC59-AD59) -> 195 | AH59: 45706 | AK59: 0 | AL59: 2 | AM59: DAA | AN59: =SUM(AN58+AK59-AL59) -> 149 | AP59: 45734 | AS59: 0 | AT59: 2 | AU59: DAA | AV59: =SUM(AV58+AS59-AT59) -> 359 | AX59: 45761 | BA59: 0 | BB59: 2 | BC59: DAA | BD59: =SUM(BD58+BA59-BB59) -> 315 | BF59: 45793 | BI59: 0 | BJ59: 2 | BK59: DAA | BL59: =SUM(BL58+BI59-BJ59) -> 274 | BN59: 45825 | BQ59: 0 | BR59: 2 | BS59: DAA | BT59: =SUM(BT58+BQ59-BR59) -> 216 | BV59: 45849 | BY59: 0 | BZ59: 2 | CA59: DAA | CB59: =SUM(CB58+BY59-BZ59) -> 174 | CD59: 45887 | CG59: 0 | CH59: 3 | CI59: DAA | CJ59: =SUM(CJ58+CG59-CH59) -> 114 | CL59: 45913 | CO59: 0 | CP59: 1 | CQ59: DAA | CR59: =SUM(CR58+CO59-CP59) -> 243
... B64: 45586 | E64: 0 | F64: 1 | G64: DAA | H64: =SUM(H63+E64-F64) -> 317 | J64: 45624 | M64: 0 | N64: 1 | O64: DAA | P64: =SUM(P63+M64-N64) -> 293 | R64: 45646 | U64: 0 | V64: 2 | W64: DAA | X64: =SUM(X63+U64-V64) -> 247 | Z64: 45679 | AC64: 0 | AD64: 2 | AE64: DAA | AF64: =SUM(AF63+AC64-AD64) -> 185 | AH64: 45710 | AK64: 0 | AL64: 1 | AM64: DAA | AN64: =SUM(AN63+AK64-AL64) -> 139 | AP64: 45740 | AS64: 0 | AT64: 2 | AU64: DAA | AV64: =SUM(AV63+AS64-AT64) -> 350 | AX64: 45770 | BA64: 0 | BB64: 1 | BC64: DAA | BD64: =SUM(BD63+BA64-BB64) -> 307 | BF64: 45799 | BI64: 0 | BJ64: 2 | BK64: DAA | BL64: =SUM(BL63+BI64-BJ64) -> 263 | BN64: 45832 | BQ64: 0 | BR64: 2 | BS64: DAA | BT64: =SUM(BT63+BQ64-BR64) -> 206 | BV64: 45855 | BY64: 0 | BZ64: 2 | CA64: DAA | CB64: =SUM(CB63+BY64-BZ64) -> 164 | CD64: 45892 | CG64: 0 | CH64: 4 | CI64: DAA | CJ64: =SUM(CJ63+CG64-CH64) -> 94 | CL64: 262 | CO64: 0 | CP64: 2 | CQ64: DAA | CR64: =SUM(CR63+CO64-CP64) -> 229
